L0 Domain,L1 Sub-Domain,L2 Category,L3 Sub-Category,L4 Product Enum-Code,Brand,Product Name,Product Description,Product Quantity,UOM,Net Quantity,Pack Quantity,Pack Size,MRP,Price,Manufacturer,Country Of Origin,UPC/EAN,FSSAI no,Images,Images / Video,Images.3,Images.4,Images.5,Images.6,Images.7,Images.8,SKU Code,Customer Care Contact,Time to Ship,Returnable (Y/N),Cancellable (Y/N),COD available (Y/N),Preservatives (Y/N),Preservatives (details),Flavours & Spices,Ready to cook (Y/N),Ready to eat (Y/N),Rice grain type,Recommended Age,Scented/ Flavour,Herbal/ Ayurvedic,Theme/ Occasion Type,Hair Type,Mineral Source,Caffeine Content,Capacity,Benefits,Usage,Other details,Marketed By,Baby Weight,Absorption Duration (in Hrs),Ingredients
RET,RET-10,RET-10-15,RET-10-15-13,RET-10-15-13-10,Blue Flame,"Blue Flame Chicken - Samosa, 240 g","It is a small triangular pastry of sorts filled with yummy minced chicken filling spiced with fragrant indian spices.
Makes for a perfect tea time snack with friends and family.
This product is ready to eat so you do not have go through the hassle of cooking when craving a snack.",240 g,g,240 g,1,1,195,195,"SIRIUS FOODS PVT. LTD.C-17, NOIDA PHASE II, PIN CODE 201305.GAUTAM BUDH NAGAR, U.P.",India,40108130,1.27E+13,https://en.wikipedia.org/wiki/Chikki#/media/File:Peanut_Chikki.JPG,,,,,,,-,To Be Updated,To Be Updated,To Be Updated,To Be Updated,To Be Updated,To Be Updated,-,-,-,-,-,-,-,-,-,-,-,-,-,-,-,-,"EAN Code': '40108130, Manufactured & Marketed by': 'SIRIUS FOODS PVT. LTD.C-17, NOIDA PHASE II, PIN CODE 201305.GAUTAM BUDH NAGAR, U.P., Country of origin': 'India","SIRIUS FOODS PVT. LTD.C-17, NOIDA PHASE II, PIN CODE 201305.GAUTAM BUDH NAGAR, U.P.",-,-,"Minced chicken meat
Soya protein
vegetables"
RET,RET-10,RET-10-15,RET-10-15-13,RET-10-15-13-10,Blue Flame,"Blue Flame Chicken - Spring Roll, 280 g","A cylindrical casing of a thin dough with minced chicken meat and vegetables.
If you are craving for a quick snack to enjoy with friends and family this makes for a perfect option.
Crunchy on the outside, with soft and hot filling on the inside. Serve hot with some ketchup or sauce of your choice.",280 g,g,280 g,1,1,230,188.6,"SIRIUS FOODS PVT. LTD.C-17, NOIDA PHASE II, PIN CODE 201305.GAUTAM BUDH NAGAR, U.P.",India,40108131,1.27E+13,https://en.wikipedia.org/wiki/Chikki#/media/File:Chikki_assortment.jpg,,,,,,,-,To Be Updated,To Be Updated,To Be Updated,To Be Updated,To Be Updated,To Be Updated,-,-,-,-,-,-,-,-,-,-,-,-,-,-,-,-,"EAN Code': '40108131, Manufactured & Marketed by': 'SIRIUS FOODS PVT. LTD.C-17, NOIDA PHASE II, PIN CODE 201305.GAUTAM BUDH NAGAR, U.P., Country of origin': 'India","SIRIUS FOODS PVT. LTD.C-17, NOIDA PHASE II, PIN CODE 201305.GAUTAM BUDH NAGAR, U.P.",-,-,"Chicken Breast meat, Vegetables, Spices"
RET,RET-10,RET-10-15,RET-10-15-13,RET-10-15-13-10,Blue Flame,"Blue Flame Chicken Reshmi Kebab, 240 g","This Reshami Kebab is composed of small patty minced chicken with ground chickpeas, egg to hold it together with spices.
Reshami kebab is eaten as a snack or appetizer. This is a Mughlai traditional dish prepared in India.
It gets its name from the succulence of the chicken after prolonged marinating and light braising.",240 g,g,240 g,1,1,190,190,"Sirius foods pvt. Ltd. C-17, Phase -II, Noida-201305",India,40157303,1.27E+13,"https://en.wikipedia.org/wiki/Rasgulla#/media/File:The_famous_Indian_syrupy_dessert_Rasgulla,_from_West_Bengal.jpg",,,,https://en.wikipedia.org/wiki/Rasgulla#/media/File:Bengali_orange_rasgulla.jpg,,,-,To Be Updated,To Be Updated,To Be Updated,To Be Updated,To Be Updated,To Be Updated,-,-,-,-,-,-,-,-,-,-,-,-,-,-,-,-,"EAN Code': '40157303, Country of origin': 'India, FSSAI Number': '12716055000616, Manufactured & Marketed by': 'Sirius foods pvt. Ltd. C-17, Phase -II, Noida-201305","Sirius foods pvt. Ltd. C-17, Phase -II, Noida-201305",-,-,"Chicken Skinless (38.17%), Water (38.17%), Soaked Chana Dal (7.25%), Onion Paste, Egg Whole, Green Chilli Paste, Garlic Paste, Potato Flakes, Salt, Ginger Paste, Lemon Juice, Coriadder Powder, Cumin Powder Black Papper Powder, Paprika Powder, Cardamom Powder, Egg."
RET,RET-10,RET-10-15,RET-10-15-13,RET-10-15-13-10,Blue Flame,"Blue Flame Chicken Seekh Kebab, 240 g","Cooked fresh over charcoal, this seekh kebab will give you the taste of your home-cooked BBQ kebabs. Just heat and serve.",240 g,g,240 g,1,1,210,172.2,"Sirius Foods Pvt. Ltd. - C 17, Phase II, Noida",India,40207641,1.27E+13,"https://en.wikipedia.org/wiki/Gulab_jamun#/media/File:Gulab_jamun_(Gibraltar,_November_2020).jpg",,???? - Rasgulla - Wikipedia,,,https://en.wikipedia.org/wiki/Gulab_jamun#/media/File:Gulab_Jamun_Delhi.JPG,,-,To Be Updated,To Be Updated,To Be Updated,To Be Updated,To Be Updated,To Be Updated,-,-,-,-,-,-,-,-,-,-,-,-,-,-,-,Shallow fry.,"EAN Code': '40207641, FSSAI Number': '12716055000012, Manufactured & Marketed By': 'Sirius Foods Pvt. Ltd. - C 17, Phase II, Noida, Country of Origin': 'India","Sirius Foods Pvt. Ltd. - C 17, Phase II, Noida",-,-,"Halal Chicken Minced (67%), Soya Protein (4%), Onion Paste (12%), Garlic Paste (4%), Ginger Paste (3%), Salt, Refined Flour, Spice, Green Chilli, Lemon Juice (3%), Coriander Leaves, Cinnamon Powder, Cardamom Powder, Flavour Enhancer (e 621), 
Allergen: Soya"
RET,RET-10,RET-10-15,RET-10-15-13,RET-10-15-13-10,Blue Flame,"Blue Flame Chicken Shami Kebab, 240 g","This Shami kebab is composed of small patty minced chicken chunks with ground chickpeas, and egg to hold it together with spices.
Shami kebab is eaten as a snack or appetizer .
This is a Mughlai traditional dish prepared in India.
It gets its name from the succulence of the chicken after prolonged marinating and light braising.",240 g,g,240 g,1,1,199,163.18,"Sirius foods pvt. Ltd. C-17, Phase -II, Noida-201305",India,40157302,1.27E+13,https://en.wikipedia.org/wiki/Shrikhand#/media/File:Mango_Shrikhand.JPG,,,,,,,-,To Be Updated,To Be Updated,To Be Updated,To Be Updated,To Be Updated,To Be Updated,-,-,-,-,-,-,-,-,-,-,-,-,-,-,-,-,"EAN Code': '40157302, Country of origin': 'India, FSSAI Number': '12716055000616, Manufactured & Marketed by': 'Sirius foods pvt. Ltd. C-17, Phase -II, Noida-201305","Sirius foods pvt. Ltd. C-17, Phase -II, Noida-201305",-,-,"Chicken Skinless (39.10%), Water (39.10%), Soaked Chana Dal (7.62%), Onion Paste, Egg Whole, Green Chilli Paste, Garlic Paste, Potato Flakes, Chicken Masala Powder, Salt, Ginger Paste, Egg."
RET,RET-10,RET-10-15,RET-10-15-11,RET-10-15-11-10,Bon Appetit,"Bon Appetit Chicken - Breast Ham Chilli, 100 g Pouch","Pieces form the lean fat free chicken breast filled with chili flakes oversmoked with natural wood smoke. Useable for Salad, Fingerfoods and Sandwiches.",100 g Pouch,g,100 g Pouch,1,1,162,162,"Arthur's Food Company Private Limited, NO 14H KIADB Industrial area, Attibele,Bangalore - 562107, Karnataka, India",India,40015770,1.00E+13,,,,,,,,-,To Be Updated,To Be Updated,To Be Updated,To Be Updated,To Be Updated,To Be Updated,-,-,-,-,-,-,-,-,-,-,-,-,-,-,-,-,"EAN Code': '40015770, Manufactured & Marketed By': ""Arthur's Food Company Private Limited, NO 14H KIADB Industrial area, Attibele,Bangalore - 562107, Karnataka, India""}, Country of origin': 'India","Arthur's Food Company Private Limited, NO 14H KIADB Industrial area, Attibele,Bangalore - 562107, Karnataka, India",-,-,-
RET,RET-10,RET-10-15,RET-10-15-13,RET-10-15-13-10,Bon Appetit,"Bon Appetit Chicken - Cheese & Chili, 300 g Pouch","Bon Appetit Chicken - Cheese & Chili, 300 g Pouch",300 g Pouch,g,300 g Pouch,1,1,276,276,"Arthur's Food Company Private Limited, NO 14H KIADB Industrial area, Attibele,Bangalore - 562107, Karnataka, India",India,40003078,1.00E+13,,,,,,,,-,To Be Updated,To Be Updated,To Be Updated,To Be Updated,To Be Updated,To Be Updated,-,-,-,-,-,-,-,-,-,-,-,-,-,-,-,-,"EAN Code': '40003078, Manufactured & Marketed By': ""Arthur's Food Company Private Limited, NO 14H KIADB Industrial area, Attibele,Bangalore - 562107, Karnataka, India""}, Country of origin': 'India","Arthur's Food Company Private Limited, NO 14H KIADB Industrial area, Attibele,Bangalore - 562107, Karnataka, India",-,-,-
RET,RET-10,RET-10-15,RET-10-15-13,RET-10-15-13-10,Bon Appetit,"Bon Appetit Chicken - Cold Cut Chili, 100 g Pouch",Sliced Cold Cut with Chile Flakes. Pur Chikcken Meat with nice Chile taste. Perfect for Sandwiches and Baguettes,100 g Pouch,g,100 g Pouch,1,1,99,99,"Arthur's Food Company Private Limited, NO 14H KIADB Industrial area, Attibele,Bangalore - 562107, Karnataka, India",India,40015771,1.00E+13,,,,,,,,-,To Be Updated,To Be Updated,To Be Updated,To Be Updated,To Be Updated,To Be Updated,-,-,-,-,-,-,-,-,-,-,-,-,-,-,-,-,"EAN Code': '40015771, Country of origin': 'India, Manufactured & Marketed by': ""Arthur's Food Company Private Limited, NO 14H KIADB Industrial area, Attibele,Bangalore - 562107, Karnataka, India""}","Arthur's Food Company Private Limited, NO 14H KIADB Industrial area, Attibele,Bangalore - 562107, Karnataka, India",-,-,-
RET,RET-10,RET-10-15,RET-10-15-13,RET-10-15-13-10,Bon Appetit,"Bon Appetit Chicken - Cold Cut Ham, 100 g Pouch",Sliced Pieces form a lean fatless Chicken Cold Cuts for Sandwiches and for doppings on Salads.,100 g Pouch,g,100 g Pouch,1,1,144,144,"Arthur's Food Company Private Limited, NO 14H KIADB Industrial area, Attibele, Bangalore - 562107, Karnataka, India",India,40015774,1.00E+13,,,,,,,,-,To Be Updated,To Be Updated,To Be Updated,To Be Updated,To Be Updated,To Be Updated,-,-,-,-,-,-,-,-,-,-,-,-,-,-,-,Keep frozen. Thaw before using.,"EAN Code': '40015774, Country of origin': 'India, Manufactured & Marketed by': ""Arthur's Food Company Private Limited, NO 14H KIADB Industrial area, Attibele, Bangalore - 562107, Karnataka, India""}","Arthur's Food Company Private Limited, NO 14H KIADB Industrial area, Attibele, Bangalore - 562107, Karnataka, India",-,-,"Chicken, Water, Milk, Soild, Honey, Garlic, Sugar, Strach, Nitrite-Ins 250"
RET,RET-10,RET-10-15,RET-10-15-11,RET-10-15-11-10,Bon Appetit,"Bon Appetit Chicken - Meat Loaf, 100 g Pouch",Sliced Pieces form grilled Meat Loaf. Fry it shortly or enjoy it at Sandwiches or pur as a snack,100 g Pouch,g,100 g Pouch,1,1,96,96,"Arthur's Food Company Private Limited, NO 14H KIADB Industrial area, Attibele,Bangalore - 562107, Karnataka, India",India,40015772,1.00E+13,,,,,,,,-,To Be Updated,To Be Updated,To Be Updated,To Be Updated,To Be Updated,To Be Updated,-,-,-,-,-,-,-,-,-,-,-,-,-,-,-,-,"EAN Code': '40015772, Manufactured & Marketed By': ""Arthur's Food Company Private Limited, NO 14H KIADB Industrial area, Attibele,Bangalore - 562107, Karnataka, India""}, Country of origin': 'India","Arthur's Food Company Private Limited, NO 14H KIADB Industrial area, Attibele,Bangalore - 562107, Karnataka, India",-,-,-
RET,RET-10,RET-10-15,RET-10-15-11,RET-10-15-11-10,Bon Appetit,"Bon Appetit Krakauer - Chicken Garlic, 300 g Pouch","Bon Appetit Krakauer - Chicken Garlic, 300 g Pouch",300 g Pouch,g,300 g Pouch,1,1,328,328,"Arthur's Food Company Private Limited, NO 14H KIADB Industrial area, Attibele,Bangalore - 562107, Karnataka, India",India,40003081,1.00E+13,,,,,,,,-,To Be Updated,To Be Updated,To Be Updated,To Be Updated,To Be Updated,To Be Updated,-,-,-,-,-,-,-,-,-,-,-,-,-,-,-,-,"EAN Code': '40003081, Manufactured & Marketed By': ""Arthur's Food Company Private Limited, NO 14H KIADB Industrial area, Attibele,Bangalore - 562107, Karnataka, India""}, Country of origin': 'India","Arthur's Food Company Private Limited, NO 14H KIADB Industrial area, Attibele,Bangalore - 562107, Karnataka, India",-,-,-
RET,RET-10,RET-10-15,RET-10-15-11,RET-10-15-11-10,Bon Appetit,"Bon Appetit Nuremberger - Chicken, 300 g Pouch","Bon Appetit Nuremberger - Chicken, 300 g Pouch",300 g Pouch,g,300 g Pouch,1,1,326,326,"Arthur's Food Company Private Limited, NO 14H KIADB Industrial area, Attibele,Bangalore - 562107, Karnataka, India",India,40003084,1.00E+13,,,,,,,,-,To Be Updated,To Be Updated,To Be Updated,To Be Updated,To Be Updated,To Be Updated,-,-,-,-,-,-,-,-,-,-,-,-,-,-,-,-,"EAN Code': '40003084, Manufactured & Marketed By': ""Arthur's Food Company Private Limited, NO 14H KIADB Industrial area, Attibele,Bangalore - 562107, Karnataka, India""}, Country of origin': 'India","Arthur's Food Company Private Limited, NO 14H KIADB Industrial area, Attibele,Bangalore - 562107, Karnataka, India",-,-,-
RET,RET-10,RET-10-15,RET-10-15-13,RET-10-15-13-10,Buffet,"Buffet Smoked Chicken Ham - Ready To Serve, 200 g Pouch","Delicately cured chicken ham slices for quick sandwiches, salads and wholesome meals.
100% chicken, no added artificial flavors and no added preservatives - enjoy ham the way its meant to be.",200 g Pouch,g,200 g Pouch,1,1,345,345,"Cargills Quality Foods No. 40, York Street, Colombo 01, Sri Lanka",India/Sri Lanka,40002872,1.00E+13,,,,,,,,-,To Be Updated,To Be Updated,To Be Updated,To Be Updated,To Be Updated,To Be Updated,-,-,-,-,-,-,-,-,-,-,-,-,-,-,-,-,"EAN Code': '40002872, Manufactured & Marketed by': 'Cargills Quality Foods No. 40, York Street, Colombo 01, Sri Lanka, Country of origin': 'India/Sri Lanka","Cargills Quality Foods No. 40, York Street, Colombo 01, Sri Lanka",-,-,"Chicken Meat (69%), Water (27%), Salt (2%), Hydroxypropyl Distarch Phosphate (E1442), Sugar, Disodium diphosphate (E450[i]), Tetrasodium diphosphate (E450[iii], Pentasodium triphosphate (E451[i]), Potassium polyphosphate (E452[ii]), Curing salt (E250), Ascorbic acid (E300)."
RET,RET-10,RET-10-15,RET-10-15-11,RET-10-15-11-10,Fresho,"Fresho Chicken - Biryani Cut 1 kg + BB Royal Biryani Basmati Rice 1 kg, Combo 2 Items","Fresho Chicken - Biryani Cut 1 kg
Fresho Chicken - Biriyani Cut 1 kg
BB Royal Biryani Basmati Rice - Extra Long 1 kg Pouch
The long grains and aromatic splendor of the BB Royal Biryani Basmati Rice are perfect for cooking various types of Pulao, Fried Rice and especially Biriyani. These extra-long grains will cook up as separate fluffy grains every time and are ideal for your one-pot dishes like biryanis and pulao. It is extra-long rice that is aged to perfection and is delicious in taste.
Benefits:
Basmati is gluten-free and low in fat.
It contains all eight essential amino acids, folic acid, and is very low in sodium and has no cholesterol.
Basmati has a low to the medium glycemic index, which is released at a slower, steadier rate leading to a more balanced level of energy.",Combo 2 Items,Combo Items,Combo 2 Items,2,1,818,531,"Fresho Foods, Survey No. 66/1, Plot No. 101, Piparia Industrial Estate, Piparia, Silvassa, Dadra, Valsad-396230, Gujarat, India",India,1220960,1.00E+13,,,,,,,,-,To Be Updated,To Be Updated,To Be Updated,To Be Updated,To Be Updated,To Be Updated,-,-,-,-,-,-,-,-,-,-,-,-,-,-,-,-,"EAN Code': '1220960, Country Of Origin': 'India, Manufactured & Marketed by': ' SUPERMARKET GROCERY SUPPLIES PVT.LTD.NO-7, SERVICE ROAD, DOMLUR, 100FEET ROAD, INDIRANAGAR, BANGALORE, 560071, Marketed by': 'Supermarket Grocery Supplies Private Limited, Fairway Business Park, EGL, Challaghatta, Domlur, Bengaluru, 560071, FSSAI Number': '10019043002767, ints, Contact our Customer Care Executive at': 'Phone:1860 123 1000 | :Innovative Retail Concepts Private Limited, Ranka Junction 4th Floor, Tin Factory bus stop. KR Puram, Bangalore-560016, ","Supermarket Grocery Supplies Private Limited, Fairway Business Park, EGL, Challaghatta, Domlur, Bengaluru, 560071",-,-,-
RET,RET-10,RET-10-15,RET-10-15-11,RET-10-15-11-10,Fresho,"Fresho Chicken - Biryani Cut, 20 To 25 pcs, 1 kg",Fresho Chicken - Biriyani Cut 1 kg,1 kg,kg,1 kg,25,1,623,386,"Fresho Foods, Survey No. 66/1, Plot No. 101, Piparia Industrial Estate, Piparia, Silvassa, Dadra, Valsad-396230, Gujarat, India",India,40081296,1.00E+13,,,,,,,,-,To Be Updated,To Be Updated,To Be Updated,To Be Updated,To Be Updated,To Be Updated,-,-,-,-,-,-,-,-,-,-,-,-,-,-,-,-,"EAN Code': '40081296, Country Of Origin': 'India, Manufactured & Marketed by': ' SUPERMARKET GROCERY SUPPLIES PVT.LTD.NO-7, SERVICE ROAD, DOMLUR, 100FEET ROAD, INDIRANAGAR, BANGALORE, 560071, Marketed by': 'Supermarket Grocery Supplies Private Limited, Fairway Business Park, EGL, Challaghatta, Domlur, Bengaluru, 560071, FSSAI Number': '10019043002767, ints, Contact our Customer Care Executive at': 'Phone:1860 123 1000 | :Innovative Retail Concepts Private Limited, Ranka Junction 4th Floor, Tin Factory bus stop. KR Puram, Bangalore-560016, ","Supermarket Grocery Supplies Private Limited, Fairway Business Park, EGL, Challaghatta, Domlur, Bengaluru, 560071",-,-,-
RET,RET-10,RET-10-15,RET-10-15-11,RET-10-15-11-10,Fresho,"Fresho Chicken - Biryani Cut, Soft & Tender, 10 To 12 pcs, 500 g","Fresho Chicken - Biryani Cut is soft and tender ready to cook chicken pieces for that delicious chicken curry or biryani you want to prepare. These chicken pieces delivered are an assortment of the best pieces of chicken. When it comes to consuming food, we are always worried about how safe it is. But more ensures that the chicken pieces delivered are hygienically processed & packed with the required temperature control condition. It passes several quality checks to make the chicken safe to consume. Naturally, reared birds are tender and have extremely tasty meat. Absolute guarantee that no anti-biotic residue remains in the chicken. No growth promoters have been used on the birds and these are processed in modern hygienic conditions.",500 g,g,500 g,12,1,324,197,"Fresho Foods, Survey No. 66/1, Plot No. 101, Piparia Industrial Estate, Piparia, Silvassa, Dadra, Valsad-396230, Gujarat, India",India,40227603,1.00E+13,,,,,,,,-,To Be Updated,To Be Updated,To Be Updated,To Be Updated,To Be Updated,To Be Updated,-,-,-,-,-,-,-,-,-,-,-,-,-,-,-,-,"EAN Code': '40227603, FSSAI No': ', Country of origin': 'India",Bigbasket,-,-,Chicken.
RET,RET-10,RET-10-15,RET-10-15-11,RET-10-15-11-10,Fresho,"Fresho Chicken - Curry Cut Without Skin, Antibiotic Residue-Free, 24 To 30 pcs, 1 kg","Chicken is a lean meat with various health benefits. Packed with nutritional values, chicken is supremely advantageous for your body. Filled with vitamins, minerals and protein, chicken promotes brain development, strengthens your bones, aids in weight loss, builds muscle and helps in a healthy heart. 

Chicken curry is one of the favourite non-veg dishes in most Indian households. Fresho Chicken curry cut is carved into perfect pieces to give you the ideal portion for your curries. These scrumptious skinless chicken pieces come in 24-28 in numbers which are perfect for 4-6 people. 

The Add-on Benefits of Fresho Chicken: 

• Free from antibiotic residue 

• No growth hormone 

Fresho Meats is our in-house brand of fresh meat, poultry, and seafood. We take the utmost care in selecting the best suppliers to provide you with high quality succulent products. Every product is stored in our cold storage right until your doorstep ensuring freshness and utmost hygiene.",1 kg,kg,1 kg,30,1,415,278.05,"Fresho Foods, Survey No. 66/1, Plot No. 101, Piparia Industrial Estate, Piparia, Silvassa, Dadra, Valsad-396230, Gujarat, India",India,9.79E+12,1.00E+13,,,,,,,,-,To Be Updated,To Be Updated,To Be Updated,To Be Updated,To Be Updated,To Be Updated,-,-,-,-,-,-,-,-,-,-,-,-,-,-,-,Chicken curry is one of the favourite non-veg dishes in most Indian households.,"EAN Code': '9788175962774, Country of Origin': 'India, Sourced by': 'Ahmedabad -, Packed By': ""-Liza Foods. Add.Chuna'S Bhaththa Nr. Parixitlal Nagar Danilimda Ahmedabad-380028.Fssai License No:-20718034000476.""}, Marketed By -Super Market Grocery Supplies Private Limited, At -Rev. Surv. No.476/1, New Ahmedabad Estate, Opp': 'Intas Pharma, Moraiya Village, Changodhar, Gujarat State 382213. Fssai License No:-10715001000120., Marketed By -Super Market Grocery Supplies Private Limited, At -Rev.Surv. No.476/1, New Ahmedabad Estate, Opp': 'Intas Pharma, Moraiya Village, Changodhar, Gujarat State 382213. Fssai License No:-10715001000120. Email:-Customerservice@.Com Phone No:-18601231000, Indore - Packed By': '- Al-Ghori Khanne Khaas. :-Shop No, G-7, Paradise Tower, 1060 Khatiwala Tank, Indore, Madhya Pradesh-452014.Fssai License No:-21418850004121, Marketed by': 'Supermarket Grocery Supplies Private Limited, Fairway Business Park, EGL, Challaghatta, Domlur, Bengaluru, 560071, FSSAI Number': '10019043002767","Supermarket Grocery Supplies Private Limited, Fairway Business Park, EGL, Challaghatta, Domlur, Bengaluru, 560071",-,-,-
RET,RET-10,RET-10-15,RET-10-15-11,RET-10-15-11-10,Fresho,"Fresho Chicken - Drumstick, With Skin, 1 kg","Chicken is used to make soups, vindaloos, kebabs, biryani and curries. It is used in salads, sandwiches, burgers and the likes. Chicken is packed with food grade plastic which provides nourish and natural environment. It also contains niacin, phosphorous and selenium. It is low in cholesterol and fat and is carb-free",1 kg,kg,1 kg,1,1,701,440,"Fresho Foods, Survey No. 66/1, Plot No. 101, Piparia Industrial Estate, Piparia, Silvassa, Dadra, Valsad-396230, Gujarat, India",India,40085983,1.00E+13,,,,,,,,-,To Be Updated,To Be Updated,To Be Updated,To Be Updated,To Be Updated,To Be Updated,-,-,-,-,-,-,-,-,-,-,-,-,-,-,-,"Chicken is used to make soups, kebabs, vindaloos, biryani and curries. It is used in salads, burgers, sandwiches and the like","EAN Code': '40085983, Country Of Origin': 'India, Marketed by': 'Supermarket Grocery Supplies Private Limited, Fairway Business Park, EGL, Challaghatta, Domlur, Bengaluru, 560071, FSSAI Number': '10019043002767","Supermarket Grocery Supplies Private Limited, Fairway Business Park, EGL, Challaghatta, Domlur, Bengaluru, 560071",-,-,-
RET,RET-10,RET-10-15,RET-10-15-11,RET-10-15-11-10,Fresho,"Fresho Chicken - Gizzard, Antibiotic Residue-Free, 20-25 pcs, 500 g","Net Weight Number of Pcs Serving Size Storage Temp
500 g 20 to 25 pcs 4-6 people 0-4 deg cel
Chicken is a lean meat with various health benefits. Packed with nutritional values, chicken is supremely advantageous for your body. Filled with vitamins, minerals and protein, chicken promotes brain development, strengthens your bones, aids in weight loss, builds muscle and helps in a healthy heart. 
Chicken Gizzards are considered a delicacy in many cultures. Not only for its taste but also its high nutritional content. Gizzards consist of a healthy dose of minerals and vitamins. This comes in 20-25 pieces, which is perfect for 4-6 people. 
The Add-on Benefits of Fresho Chicken:
Free from antibiotic residue 
No growth hormone 
Fresho Meats is our in-house brand of fresh meat, poultry, and seafood. We take the utmost care in selecting the best suppliers to provide you with high quality succulent products. Every product is stored in our cold storage right until your doorstep ensuring freshness and utmost hygiene.",500 g,g,500 g,25,1,174,95,"Fresho Foods, Survey No. 66/1, Plot No. 101, Piparia Industrial Estate, Piparia, Silvassa, Dadra, Valsad-396230, Gujarat, India",India,10000920,1.00E+13,,,,,,,,-,To Be Updated,To Be Updated,To Be Updated,To Be Updated,To Be Updated,To Be Updated,-,-,-,-,-,-,-,-,-,-,-,-,-,-,-,Chicken Gizzards are considered a delicacy in many cultures.,"EAN Code': '10000920, Country of Origin': 'India, Sourced & marketed by': 'Supermarket Grocery Supplies Private Limited, Fairway Business Park, EGL, Challaghatta, Domlur, Bengaluru, 560071, FSSAI Number': '10019043002767","Supermarket Grocery Supplies Private Limited, Fairway Business Park, EGL, Challaghatta, Domlur, Bengaluru, 560071",-,-,-
RET,RET-10,RET-10-15,RET-10-15-11,RET-10-15-11-10,Fresho,"Fresho Chicken - Lollipop, Antibiotic Residue-Free, 7 To 10 pcs, 250 g","Net Weight Number of Pcs Serving Size Storage Temp
250 g 7 to 10 pcs 2-3 people 0-4 deg cel
Chicken is a lean meat with various health benefits. Packed with nutritional values, chicken is supremely advantageous for your body. Filled with vitamins, minerals and protein, chicken promotes brain development, strengthens your bones, aids in weight loss, builds muscle and helps in a healthy heart.
The perfect starter for any of the meal courses! These juicy, tender lollipops cannot go wrong. Made from chicken wings, these delicious appetizers are great for your small hungry pangs. It comes in 7-10 pieces which are perfect for 2-3 people. 
The Add-on Benefits of Fresho Chicken: 
 Free from antibiotic residue 
 No growth hormone 
Fresho Meats is our in-house brand of fresh meat, poultry, and seafood. We take the utmost care in selecting the best suppliers to provide you with high quality succulent products. Every product is stored in our cold storage right until your doorstep ensuring freshness and utmost hygiene.",250 g,g,250 g,10,1,246,246,"Fresho Foods, Survey No. 66/1, Plot No. 101, Piparia Industrial Estate, Piparia, Silvassa, Dadra, Valsad-396230, Gujarat, India",India,10000929,1.00E+13,,,,,,,,-,To Be Updated,To Be Updated,To Be Updated,To Be Updated,To Be Updated,To Be Updated,-,-,-,-,-,-,-,-,-,-,-,-,-,-,-,The perfect starter for any of the meal courses!,"EAN Code': '10000929, Country of Origin': 'India, Sourced & marketed by': 'Supermarket Grocery Supplies Private Limited, Fairway Business Park, EGL, Challaghatta, Domlur, Bengaluru, 560071, FSSAI Number': '10019043002767, ","Supermarket Grocery Supplies Private Limited, Fairway Business Park, EGL, Challaghatta, Domlur, Bengaluru, 560071",-,-,-
RET,RET-10,RET-10-15,RET-10-15-11,RET-10-15-11-10,Fresho,"Fresho Chicken - Mixed Boneless, Without Skin, 1 kg","Chicken is healthier without the fatty skin. Fresho skinless chicken pieces provides immense value for restaurants, catering, outdoor grilling and family meals, as it has no extra hormones or steroids and it is effortless to cook.",1 kg,kg,1 kg,1,1,922,922,"Fresho Foods, Survey No. 66/1, Plot No. 101, Piparia Industrial Estate, Piparia, Silvassa, Dadra, Valsad-396230, Gujarat, India",India,40085972,1.00E+13,,,,,,,,-,To Be Updated,To Be Updated,To Be Updated,To Be Updated,To Be Updated,To Be Updated,-,-,-,-,-,-,-,-,-,-,-,-,-,-,-,"Chicken is used to make soups, kebabs, vindaloos, biryani and curries. It is used in salads, burgers, sandwiches and the like","EAN Code': '40085972, Country Of Origin': 'India, Marketed by': 'Supermarket Grocery Supplies Private Limited, Fairway Business Park, EGL, Challaghatta, Domlur, Bengaluru, 560071, FSSAI Number': '10019043002767","Supermarket Grocery Supplies Private Limited, Fairway Business Park, EGL, Challaghatta, Domlur, Bengaluru, 560071",-,-,-
RET,RET-10,RET-10-15,RET-10-15-11,RET-10-15-11-10,Fresho,"Fresho Chicken - Soup Pieces, 900 g Pouch","Fresho Meats is our in house brand of fresh meat, poultry and seafood.
We take utmost care in selecting the best suppliers to provide you with high quality and succulent products.
Every product is stored in our cold storage right until your doorstep ensuring freshness and utmost hygiene.
Additionally, every product is packed using food grade plastic which provides a nourishing and wholesome environment.
Chef special marination which is very authentic and has a fragnence which will delight your pallet, its a mixture of exotic flavour & Indian spices.",900 g Pouch,g,900 g Pouch,1,1,103,103,"Fresho Foods, Survey No. 66/1, Plot No. 101, Piparia Industrial Estate, Piparia, Silvassa, Dadra, Valsad-396230, Gujarat, India",India,40163311,1.00E+13,,,,,,,,-,To Be Updated,To Be Updated,To Be Updated,To Be Updated,To Be Updated,To Be Updated,-,-,-,-,-,-,-,-,-,-,-,-,-,-,-,Cut and use.,"EAN Code': '40163311, Country Of Origin': 'India, FSSAI Number': '13618034000225, Marketed by': 'Supermarket Grocery Supplies Private Limited, Fairway Business Park, EGL, Challaghatta, Domlur, Bengaluru, 560071, FSSAI Number': '10019043002767","Supermarket Grocery Supplies Private Limited, Fairway Business Park, EGL, Challaghatta, Domlur, Bengaluru, 560071",-,-,Fresh Chicken
RET,RET-10,RET-10-15,RET-10-15-11,RET-10-15-11-10,Fresho,"Fresho Chicken - Thigh Boneless, Without Skin, 1 kg","Chicken is healthier without the fatty skin. Fresho skinless chicken pieces provides immense value for restaurants, catering, outdoor grilling and family meals, as it has no extra hormones or steroids and it is effortless to cook.",1 kg,kg,1 kg,1,1,1013,1013,"Fresho Foods, Survey No. 66/1, Plot No. 101, Piparia Industrial Estate, Piparia, Silvassa, Dadra, Valsad-396230, Gujarat, India",India,40085976,1.00E+13,,,,,,,,-,To Be Updated,To Be Updated,To Be Updated,To Be Updated,To Be Updated,To Be Updated,-,-,-,-,-,-,-,-,-,-,-,-,-,-,-,"Chicken is used to make soups, kebabs, vindaloos, biryani and curries. It is used in salads, burgers, sandwiches and the like","EAN Code': '40085976, Country Of Origin': 'India, Marketed by': 'Supermarket Grocery Supplies Private Limited, Fairway Business Park, EGL, Challaghatta, Domlur, Bengaluru, 560071, FSSAI Number': '10019043002767","Supermarket Grocery Supplies Private Limited, Fairway Business Park, EGL, Challaghatta, Domlur, Bengaluru, 560071",-,-,-
RET,RET-10,RET-10-15,RET-10-15-11,RET-10-15-11-10,Fresho,"Fresho Chicken - Thigh, With Skin, 1 kg","Chicken is used to make soups, vindaloos, kebabs, biryani and curries. It is used in salads, sandwiches, burgers and the likes. Chicken is packed with food grade plastic which provides nourish and natural environment. It also contains niacin, phosphorous and selenium. It is low in cholesterol and fat and is carb-free",1 kg,kg,1 kg,1,1,532,332,"Fresho Foods, Survey No. 66/1, Plot No. 101, Piparia Industrial Estate, Piparia, Silvassa, Dadra, Valsad-396230, Gujarat, India",India,40085982,1.00E+13,,,,,,,,-,To Be Updated,To Be Updated,To Be Updated,To Be Updated,To Be Updated,To Be Updated,-,-,-,-,-,-,-,-,-,-,-,-,-,-,-,"Chicken is used to make soups, kebabs, vindaloos, biryani and curries. It is used in salads, burgers, sandwiches and the like","EAN Code': '40085982, Country Of Origin': 'India, Marketed by': 'Supermarket Grocery Supplies Private Limited, Fairway Business Park, EGL, Challaghatta, Domlur, Bengaluru, 560071, FSSAI Number': '10019043002767","Supermarket Grocery Supplies Private Limited, Fairway Business Park, EGL, Challaghatta, Domlur, Bengaluru, 560071",-,-,-
RET,RET-10,RET-10-15,RET-10-15-11,RET-10-15-11-10,Fresho,"Fresho Chicken - Thigh, Without Skin, 1 kg","Chicken is healthier without the fatty skin. Fresho skinless chicken pieces provides immense value for restaurants, catering, outdoor grilling and family meals, as it has no extra hormones or steroids and it is effortless to cook.",1 kg,kg,1 kg,1,1,584,368,"Fresho Foods, Survey No. 66/1, Plot No. 101, Piparia Industrial Estate, Piparia, Silvassa, Dadra, Valsad-396230, Gujarat, India",India,40085973,1.00E+13,,,,,,,,-,To Be Updated,To Be Updated,To Be Updated,To Be Updated,To Be Updated,To Be Updated,-,-,-,-,-,-,-,-,-,-,-,-,-,-,-,"Chicken is used to make soups, kebabs, vindaloos, biryani and curries. It is used in salads, burgers, sandwiches and the like","EAN Code': '40085973, Country Of Origin': 'India, Marketed by': 'Supermarket Grocery Supplies Private Limited, Fairway Business Park, EGL, Challaghatta, Domlur, Bengaluru, 560071, FSSAI Number': '10019043002767","Supermarket Grocery Supplies Private Limited, Fairway Business Park, EGL, Challaghatta, Domlur, Bengaluru, 560071",-,-,-
RET,RET-10,RET-10-15,RET-10-15-11,RET-10-15-11-10,Fresho,"Fresho Chicken - Whole Body, 1 kg","Fresho Meats is our in house brand of fresh meat, poultry and seafood. We take utmost care in selecting the best suppliers to provide you with high quality and succulent products. Every product is stored in our cold storage right until your doorstep ensuring freshness and utmost hygiene. Additionally, every product is packed using food grade plastic which provides a nourishing and wholesome environment.",1 kg,kg,1 kg,1,1,129,129,"Fresho Foods, Survey No. 66/1, Plot No. 101, Piparia Industrial Estate, Piparia, Silvassa, Dadra, Valsad-396230, Gujarat, India",India,40107520,1.00E+13,,,,,,,,-,To Be Updated,To Be Updated,To Be Updated,To Be Updated,To Be Updated,To Be Updated,-,-,-,-,-,-,-,-,-,-,-,-,-,-,-,-,"EAN Code': '40107520, Country Of Origin': 'India, Marketed by': 'Supermarket Grocery Supplies Private Limited, Fairway Business Park, EGL, Challaghatta, Domlur, Bengaluru, 560071, FSSAI Number': '10019043002767, ints, Contact our Customer Care Executive at': 'Phone:1860 123 1000 | :Innovative Retail Concepts Private Limited, Ranka Junction 4th Floor, Tin Factory bus stop. KR Puram, Bangalore-560016, ","Supermarket Grocery Supplies Private Limited, Fairway Business Park, EGL, Challaghatta, Domlur, Bengaluru, 560071",-,-,-
RET,RET-10,RET-10-15,RET-10-15-11,RET-10-15-11-10,Fresho,"Fresho Chicken - Whole Breast, 250 g","Fresho Meats is our in house brand of fresh meat, poultry and seafood. We take utmost care in selecting the best suppliers to provide you with high quality and succulent products. Every product is stored in our cold storage right until your doorstep ensuring freshness and utmost hygiene. Additionally, every product is packed using food grade plastic which provides a nourishing and wholesome environment. Freshly processed Chicken Whole Breast.",250 g,g,250 g,1,1,142,89,"Fresho Foods, Survey No. 66/1, Plot No. 101, Piparia Industrial Estate, Piparia, Silvassa, Dadra, Valsad-396230, Gujarat, India",India,40048917,1.00E+13,,,,,,,,-,To Be Updated,To Be Updated,To Be Updated,To Be Updated,To Be Updated,To Be Updated,-,-,-,-,-,-,-,-,-,-,-,-,-,-,-,-,"EAN Code': '40048917, Country Of Origin': 'India, Sourced & marketed by': 'Supermarket Grocery Supplies Private Limited, Fairway Business Park, EGL, Challaghatta, Domlur, Bengaluru, 560071, FSSAI Number': '10019043002767, ints, Contact our Customer Care Executive at': 'Phone:1860 123 1000 | :Innovative Retail Concepts Private Limited, Ranka Junction 4th Floor, Tin Factory bus stop. KR Puram, Bangalore-560016, ","Supermarket Grocery Supplies Private Limited, Fairway Business Park, EGL, Challaghatta, Domlur, Bengaluru, 560071",-,-,-
RET,RET-10,RET-10-15,RET-10-15-11,RET-10-15-11-10,Fresho,"Fresho Chicken - Wings, Antibiotic Residue-Free, 4 To 6 pcs, 250 g","Net Weight Number of Pcs Serving Size Storage Temp
250 g 4 to 6 pcs 3-4 people 0-4 deg Celsius
Chicken is a lean meat with various health benefits. Packed with nutritional values, chicken is supremely advantageous for your body. Filled with vitamins, minerals and protein, chicken promotes brain development, strengthens your bones, aids in weight loss, builds muscle and helps in a healthy heart. 
Chicken wings are one of the favourite pieces of most people. These super tender, succulent, and very flavorful whole wings can be cooked in a lot of ways. Grilled, fried, barbeques, do whatever pleases your taste buds. Perfectly cooked chicken wings are also great for diabetes and arthritis. This comes in 4-6 pieces which are enough for 3-4 people. 
The Add-on Benefits of Fresho Chicken:
 Free from antibiotic residue 
 No growth hormone 
Fresho Meats is our in-house brand of fresh meat, poultry, and seafood. We take the utmost care in selecting the best suppliers to provide you with high quality succulent products. Every product is stored in our cold storage right until your doorstep ensuring freshness and utmost hygiene.",250 g,g,250 g,6,1,142,142,"Fresho Foods, Survey No. 66/1, Plot No. 101, Piparia Industrial Estate, Piparia, Silvassa, Dadra, Valsad-396230, Gujarat, India",India,10000923,1.00E+13,,,,,,,,-,To Be Updated,To Be Updated,To Be Updated,To Be Updated,To Be Updated,To Be Updated,-,-,-,-,-,-,-,-,-,-,-,-,-,-,-,-,"EAN Code': '10000923, Country of Origin': 'India, FSSAI Number': '10019043002767",-,-,-,-
RET,RET-10,RET-10-15,RET-10-15-11,RET-10-15-11-10,Fresho,"Fresho Chicken - With Skin Curry Cut, Antibiotic Residue-Free, 25 To 30 pcs, 1 kg","Net Weight Number of Pcs Serving Size Storage Temp
1 kg Pieces per pack is 25 To 30 (2 drumsticks, 2 to 4 thigh pieces, 4 to 6 breast pieces, 4 to 6 pieces of rib portions and 4 to 6 pcs of top portions. 4-6 people 0-4 deg Celsius
Chicken is a lean meat with various health benefits. Packed with nutritional values, chicken is supremely advantageous for your body. Filled with vitamins, minerals and protein, chicken promotes brain development, strengthens your bones, aids in weight loss, builds muscle and helps in a healthy heart. 
Chicken curry is one of the favourite non-veg dishes in most Indian households. Fresho Chicken curry cut is carved into perfect pieces to give you the ideal portion for your curries. This scrumptious skin chicken pieces come in 22-26 in numbers which are perfect for 4-6 people. 
The Add-on Benefits of Fresho Chicken: 
Free from antibiotic residue 
No growth hormone 
Fresho Meats is our in-house brand of fresh meat, poultry, and seafood.
We take the utmost care in selecting the best suppliers to provide you with high quality succulent products.
Every product is stored in our cold storage right until your doorstep ensuring freshness and utmost hygiene.",1 kg,kg,1 kg,30,1,415,415,"Fresho Foods, Survey No. 66/1, Plot No. 101, Piparia Industrial Estate, Piparia, Silvassa, Dadra, Valsad-396230, Gujarat, India",India,40085990,1.00E+13,,,,,,,,-,To Be Updated,To Be Updated,To Be Updated,To Be Updated,To Be Updated,To Be Updated,-,-,-,-,-,-,-,-,-,-,-,-,-,-,-,"Chicken is used to make soups, kebabs, vindaloos, biryani, and curries.
It is used in salads, burgers, sandwiches, and the like.","EAN Code': '40085990, Country of Origin': 'India, Sourced & marketed by': 'Supermarket Grocery Supplies Private Limited, Fairway Business Park, EGL, Challaghatta, Domlur, Bengaluru, 560071, FSSAI Number': '10019043002767","Supermarket Grocery Supplies Private Limited, Fairway Business Park, EGL, Challaghatta, Domlur, Bengaluru, 560071",-,-,-
RET,RET-10,RET-10-15,RET-10-15-11,RET-10-15-11-10,Fresho,"Fresho Chicken 1 kg + BB Royal Biryani Basmati Rice - Extra Long 1 kg Pouch, Combo 2 Items","Fresho Chicken 1 kg
Net Weight Number Of Pcs Serving Size Storage Temp
1 kg Pieces per pack is 18 to 22 (2 drumsticks, 2 to 4 thigh pieces, 4 to 6 breast pieces, 4 to 6 pieces of rib portions and 4 to 6 pcs of top portions 4-6 people 0-4 deg cel
Chicken is a lean meat with various health benefits. Packed with nutritional values, chicken is supremely advantageous for your body. Filled with vitamins, minerals and protein, chicken promotes brain development, strengthens your bones, aids in weight loss, builds muscle and helps in a healthy heart. 
Chicken curry is one of the favourite non-veg dishes in most Indian households. Fresho Chicken curry cut is carved into perfect pieces to give you the ideal portion for your curries. These scrumptious skinless chicken pieces come in 24-28 in numbers which are perfect for 4-6 people. 
The Add-on Benefits of Fresho Chicken: 
 Free from antibiotic residue 
 No growth hormone 
Fresho Meats is our in-house brand of fresh meat, poultry, and seafood. We take utmost care in selecting the best suppliers to provide you with high-quality and succulent products. Every product is stored in our cold storage right until your doorstep ensuring freshness and utmost hygiene.

BB Royal Biryani Basmati Rice - Extra Long 1 kg Pouch
The long grains and aromatic splendor of the BB Royal Biryani Basmati Rice are perfect for cooking various types of Pulao, Fried Rice and especially Biriyani. These extra-long grains will cook up as separate fluffy grains every time and are ideal for your one-pot dishes like biryanis and pulao. It is extra-long rice that is aged to perfection and is delicious in taste.
Benefits:
Basmati is gluten-free and low in fat. It contains all eight essential amino acids, folic acid, and is very low in sodium and has no cholesterol.
Basmati has a low to the medium glycemic index, which is released at a slower, steadier rate leading to a more balanced level of energy.",Combo 2 Items,Combo Items,Combo 2 Items,2,1,515,515,"Fresho Foods, Survey No. 66/1, Plot No. 101, Piparia Industrial Estate, Piparia, Silvassa, Dadra, Valsad-396230, Gujarat, India",India,1220958,1.00E+13,,,,,,,,-,To Be Updated,To Be Updated,To Be Updated,To Be Updated,To Be Updated,To Be Updated,-,-,-,-,-,-,-,-,-,-,-,-,-,-,-,Chicken curry is one of the favourite non-veg dishes in most Indian households.,"EAN Code': '1220958, Country of Origin': 'India, Sourced by': 'Ahmedabad -, Packed By': ""-Liza Foods. Add.Chuna'S Bhaththa Nr. Parixitlal Nagar Danilimda Ahmedabad-380028.Fssai License No:-20718034000476.""}, Marketed By -Super Market Grocery Supplies Private Limited, At -Rev. Surv. No.476/1, New Ahmedabad Estate, Opp': 'Intas Pharma, Moraiya Village, Changodhar, Gujarat State 382213. Fssai License No:-10715001000120., Marketed By -Super Market Grocery Supplies Private Limited, At -Rev.Surv. No.476/1, New Ahmedabad Estate, Opp': 'Intas Pharma, Moraiya Village, Changodhar, Gujarat State 382213. Fssai License No:-10715001000120. Email:-Customerservice@.Com Phone No:-18601231000, Indore - Packed By': '- Al-Ghori Khanne Khaas. :-Shop No, G-7, Paradise Tower, 1060 Khatiwala Tank, Indore, Madhya Pradesh-452014.Fssai License No:-21418850004121, Marketed by': 'Supermarket Grocery Supplies Private Limited, Fairway Business Park, EGL, Challaghatta, Domlur, Bengaluru, 560071, FSSAI Number': '10019043002767","Supermarket Grocery Supplies Private Limited, Fairway Business Park, EGL, Challaghatta, Domlur, Bengaluru, 560071",-,-,-
RET,RET-10,RET-10-15,RET-10-15-11,RET-10-15-11-10,Fresho,"Fresho Chicken Biryani Cut 1kg + Chicken Chilli Pieces Boneless 500 g, Combo 2 Items","Fresho Chicken - Biriyani Cut 1 kg
Chicken is lean meat with various health benefits. Packed with nutritional values, chicken is supremely advantageous for your body. Filled with vitamins, minerals and protein, chicken promotes brain development, strengthens your bones, aids in weight loss, builds muscle and helps in a healthy heart. 
Net Weight 500 g
Number Of Pcs NA
Serving Size NA
Storage Temp 0-4 deg 
Now making chilli chicken at home is a hassle-free process. This chicken is perfectly cut and boneless. 
The Add-on Benefits of Fresho Chicken: 
 Free from antibiotic residue 
 No growth hormone 
Fresho Meats is our in-house brand of fresh meat, poultry, and seafood. We take utmost care in selecting the best suppliers to provide you with high-quality and succulent products. Every product is stored in our cold storage right until your doorstep ensuring freshness and utmost hygiene.",Combo 2 Items,Combo Items,Combo 2 Items,2,1,1103,647.9,"Fresho Foods, Survey No. 66/1, Plot No. 101, Piparia Industrial Estate, Piparia, Silvassa, Dadra, Valsad-396230, Gujarat, India",India,1215097,1.00E+13,,,,,,,,-,To Be Updated,To Be Updated,To Be Updated,To Be Updated,To Be Updated,To Be Updated,-,-,-,-,-,-,-,-,-,-,-,-,-,-,-,-,"EAN Code': '1215097, Country Of Origin': 'India, Sourced by': ""Ahmedabad - Packed By:-Liza Foods. Add.Chuna'S Bhaththa Nr. Parixitlal Nagar Danilimda Ahmedabad-380028.Fssai License No:-20718034000476. Marketed By:-Super Market Grocery Suppliees Private Limited, At:-Rev.Surv. No.476/1, New Ahmedabad Estate, Opp:Intas Pharma, Moraiya Village, Changodhar, Gujarat State 382213. Fssai License No:-10715001000120. Marketed By:-Super Market Grocery Suppliees Private Limited, At:-Rev.Surv. No.476/1, New Ahmedabad Estate, Opp:Intas Pharma, Moraiya Village, Changodhar, Gujarat State 382213. Fssai License No:-10715001000120. Email:-Customerservice@.Com Phone No:-18601231000""}, Indore - Packed By': '- Al-Ghori Khanne Khaas. :-Shop No, G-7, Paradise Tower, 1060 Khatiwala Tank, Indore, Madhya Pradesh-452014.Fssai License No:-21418850004121, Marketed by': 'Supermarket Grocery Supplies Private Limited, Fairway Business Park, EGL, Challaghatta, Domlur, Bengaluru, 560071, FSSAI Number': '10019043002767","Supermarket Grocery Supplies Private Limited, Fairway Business Park, EGL, Challaghatta, Domlur, Bengaluru, 560071",-,-,-
RET,RET-10,RET-10-15,RET-10-15-11,RET-10-15-11-10,Fresho,"Fresho Chicken Bone B - Nutritious & Healthy, 1 Kg",Fresho brings you a range of fresh and ready-to-cooked chicken bones. We take utmost care in selecting the best suppliers to provide you with high-quality succulent products. The nutrients that are available in the bone are important for gut health. It helps reduce inflammation and improves the immune system.,1 Kg,Kg,1 Kg,1,1,399,399,"Fresho Foods, Survey No. 66/1, Plot No. 101, Piparia Industrial Estate, Piparia, Silvassa, Dadra, Valsad-396230, Gujarat, India",India,40234962,1.00E+13,,,,,,,,-,To Be Updated,To Be Updated,To Be Updated,To Be Updated,To Be Updated,To Be Updated,-,-,-,-,-,-,-,-,-,-,-,-,-,-,-,-,"EAN Code': '40234962, FSSAI No': ', Country of origin': 'India",Bigbasket,-,-,Chicken
RET,RET-10,RET-10-15,RET-10-15-11,RET-10-15-11-10,Fresho,"Fresho Chicken Bones, 1 Kg","We take utmost care in selecting the best suppliers to provide you with high quality and succulent products. Every product is stored in our cold storage right until your doorstep ensuring freshness and utmost hygiene. Additionally, every product is packed using food grade plastic which provides a nourishing and wholesome environment. Chef special marination is very authentic and has a fragrance that will delight your pallet, with its a mixture of exotic flavour and Indian spices.",1 Kg,Kg,1 Kg,1,1,64,64,"Fresho Foods, Survey No. 66/1, Plot No. 101, Piparia Industrial Estate, Piparia, Silvassa, Dadra, Valsad-396230, Gujarat, India",India,40188266,1.28E+13,,,,,,,,-,To Be Updated,To Be Updated,To Be Updated,To Be Updated,To Be Updated,To Be Updated,-,-,-,-,-,-,-,-,-,-,-,-,-,-,-,To be cooked.,"EAN Code': '40188266, Country Of Origin': 'India, FSSAI NO': '12817008000332, Sourced & Marketed By': 'SUPER MARKET GROCERY SUPPLIES PVT. LTD., HOWRAH, PIN- 711313","SUPER MARKET GROCERY SUPPLIES PVT. LTD., HOWRAH, PIN- 711313",-,-,Chicken
RET,RET-10,RET-10-15,RET-10-15-11,RET-10-15-11-10,Fresho,"Fresho Chicken Breast - Boneless 500 g + Basa Fish Fillet 500 g, Combo 2 Items","Chicken Breast - Boneless
Fresho Chicken is a lean meat with various health benefits. Packed with nutritional values, chicken is supremely advantageous for your body. Filled with vitamins, minerals and protein, chicken promotes brain development, strengthens your bones, aids in weight loss, builds muscle and helps in a healthy heart.
For a scrumptious meatier experience, this boneless chicken breast is perfect to indulge in. Grilled, barbecued, fried or baked, one can have this versatile cut in diverse ways. Moreover, this part is considered one of the nutritious parts of the bird. This is an excellent source of protein for your body. This cut comes in 2-4 pieces which are perfect for 2-3 people.
Basa Fish Fillet 
Basa is a catfish which is light in colour and has a firm texture. Enriched in protein, it contains low fat making it perfect for your diet. These Fresho Basa boneless fillets are great for grilling, frying, barbecuing or curries. This is perfect for 2-3 people. It is preservative-free.",Combo 2 Items,Combo Items,Combo 2 Items,2,1,791,549.1,"Fresho Foods, Survey No. 66/1, Plot No. 101, Piparia Industrial Estate, Piparia, Silvassa, Dadra, Valsad-396230, Gujarat, India",India,1221169,1.00E+13,,,,,,,,-,To Be Updated,To Be Updated,To Be Updated,To Be Updated,To Be Updated,To Be Updated,-,-,-,-,-,-,-,-,-,-,-,-,-,-,-,-,"EAN Code': '1221169, Country of Origin': 'India, Sourced by': ""Ahmedabad - Packed By:-Liza Foods. Add.Chuna'S Bhaththa Nr. Parixitlal Nagar Danilimda Ahmedabad-380028.Fssai License No:-20718034000476. Marketed By:-Super Market Grocery Suppliees Private Limited, At:-Rev.Surv. No.476/1, New Ahmedabad Estate, Opp:Intas Pharma, Moraiya Village, Changodhar, Gujarat State 382213. Fssai License No:-10715001000120. Marketed By:-Super Market Grocery Suppliees Private Limited, At:-Rev.Surv. No.476/1, New Ahmedabad Estate, Opp:Intas Pharma, Moraiya Village, Changodhar, Gujarat State 382213. Fssai License No:-10715001000120. Email:-Customerservice@.Com Phone No:-18601231000""}, Indore - Packed By': '- Al-Ghori Khanne Khaas. :-Shop No, G-7, Paradise Tower, 1060 Khatiwala Tank, Indore, Madhya Pradesh-452014.Fssai License No:-21418850004121, Marketed by': 'Supermarket Grocery Supplies Private Limited, Fairway Business Park, EGL, Challaghatta, Domlur, Bengaluru, 560071, FSSAI Number': '10019043002767, ","Supermarket Grocery Supplies Private Limited, Fairway Business Park, EGL, Challaghatta, Domlur, Bengaluru, 560071",-,-,Chicken & Basa Fish.
RET,RET-10,RET-10-15,RET-10-15-11,RET-10-15-11-10,Fresho,"Fresho Chicken Breast - Boneless 500 g + Chicken Drumstick Without Skin 500 g, Combo 2 Items","Fresho Chicken is a lean meat with various health benefits. Packed with nutritional values, chicken is supremely advantageous for your body. Filled with vitamins, minerals and protein, chicken promotes brain development, strengthens your bones, aids in weight loss, builds muscle and helps in a healthy heart. 
Chicken Breast - Boneless
For a scrumptious meatier experience, this boneless chicken breast is perfect to indulge in. Grilled, barbecued, fried, or baked, one can have this versatile cut in diverse ways. Moreover, this part is considered one of the nutritious parts of the bird. This is an excellent source of protein for your body. This cut comes in 2-4 pieces which are perfect for 2-3 people.
Chicken Drumstick Without Skin 
This tender, juicy, without skin drumstick, gets flabbier once cooked. This is one of the most go-to pieces of chicken, as it is easy to cook. One can produce countless culinary methods to cook this deliciousness. Savoury, sweet, spicy, there are more than a hundred recipes to cook a drumstick. These scrumptious chicken pieces come in 4-6 in numbers which are perfect for 3-4 people.",Combo 2 Items,Combo Items,Combo 2 Items,2,1,920,920,"Fresho Foods, Survey No. 66/1, Plot No. 101, Piparia Industrial Estate, Piparia, Silvassa, Dadra, Valsad-396230, Gujarat, India",India,1221168,1.00E+13,,,,,,,,-,To Be Updated,To Be Updated,To Be Updated,To Be Updated,To Be Updated,To Be Updated,-,-,-,-,-,-,-,-,-,-,-,-,-,-,-,-,"EAN Code': '1221168, Country of Origin': 'India, Sourced by': ""Ahmedabad - Packed By:-Liza Foods. Add.Chuna'S Bhaththa Nr. Parixitlal Nagar Danilimda Ahmedabad-380028.Fssai License No:-20718034000476. Marketed By:-Super Market Grocery Suppliees Private Limited, At:-Rev.Surv. No.476/1, New Ahmedabad Estate, Opp:Intas Pharma, Moraiya Village, Changodhar, Gujarat State 382213. Fssai License No:-10715001000120. Marketed By:-Super Market Grocery Suppliees Private Limited, At:-Rev.Surv. No.476/1, New Ahmedabad Estate, Opp:Intas Pharma, Moraiya Village, Changodhar, Gujarat State 382213. Fssai License No:-10715001000120. Email:-Customerservice@.Com Phone No:-18601231000""}, Indore - Packed By': '- Al-Ghori Khanne Khaas. :-Shop No, G-7, Paradise Tower, 1060 Khatiwala Tank, Indore, Madhya Pradesh-452014.Fssai License No:-21418850004121, Marketed by': 'Supermarket Grocery Supplies Private Limited, Fairway Business Park, EGL, Challaghatta, Domlur, Bengaluru, 560071, FSSAI Number': '10019043002767, ","Supermarket Grocery Supplies Private Limited, Fairway Business Park, EGL, Challaghatta, Domlur, Bengaluru, 560071",-,-,Chicken.
RET,RET-10,RET-10-15,RET-10-15-11,RET-10-15-11-10,Fresho,"Fresho Chicken Breast - Boneless 500 g + Chicken Seekh Kabab Lime N Pudina 500 g, Combo 2 Items","Chicken Breast - Boneless
Chicken is lean meat with various health benefits. Packed with nutritional values, chicken is supremely advantageous for your body. Filled with vitamins, minerals and protein, chicken promotes brain development, strengthens your bones, aids in weight loss, builds muscle and helps in a healthy heart. 
For a scrumptious meatier experience, this boneless chicken breast is perfect to indulge in. Grilled, barbecued, fried, or baked, one can have this versatile cut in diverse ways. Moreover, this part is considered one of the nutritious parts of the bird. This is an excellent source of protein for your body. This cut comes in 2-4 pieces which are perfect for 2-3 people. 
Chicken Seekh Kabab Lime N Pudina
Prepared in the traditional style, these lemon and pudina kebabs are made with the finest ingredients. Enjoy these delicious kababs at the convenience of your home. Perfect as a starter, relish these mouth-watering delights with your loved ones.",Combo 2 Items,Combo Items,Combo 2 Items,2,1,815,815,"Fresho Foods, Survey No. 66/1, Plot No. 101, Piparia Industrial Estate, Piparia, Silvassa, Dadra, Valsad-396230, Gujarat, India",India,1221191,1.00E+13,,,,,,,,-,To Be Updated,To Be Updated,To Be Updated,To Be Updated,To Be Updated,To Be Updated,-,-,-,-,-,-,-,-,-,-,-,-,-,-,-,-,"EAN Code': '1221191, Country of Origin': 'India, Sourced by': ""Ahmedabad - Packed By:-Liza Foods. Add.Chuna'S Bhaththa Nr. Parixitlal Nagar Danilimda Ahmedabad-380028.Fssai License No:-20718034000476. Marketed By:-Super Market Grocery Suppliees Private Limited, At:-Rev.Surv. No.476/1, New Ahmedabad Estate, Opp:Intas Pharma, Moraiya Village, Changodhar, Gujarat State 382213. Fssai License No:-10715001000120. Marketed By:-Super Market Grocery Suppliees Private Limited, At:-Rev.Surv. No.476/1, New Ahmedabad Estate, Opp:Intas Pharma, Moraiya Village, Changodhar, Gujarat State 382213. Fssai License No:-10715001000120. Email:-Customerservice@.Com Phone No:-18601231000""}, Indore - Packed By': '- Al-Ghori Khanne Khaas. :-Shop No, G-7, Paradise Tower, 1060 Khatiwala Tank, Indore, Madhya Pradesh-452014.Fssai License No:-21418850004121, Marketed by': 'Supermarket Grocery Supplies Private Limited, Fairway Business Park, EGL, Challaghatta, Domlur, Bengaluru, 560071, FSSAI Number': '10019043002767, ","Supermarket Grocery Supplies Private Limited, Fairway Business Park, EGL, Challaghatta, Domlur, Bengaluru, 560071",-,-,Chicken.
RET,RET-10,RET-10-15,RET-10-15-11,RET-10-15-11-10,Fresho,"Fresho Chicken Breast - Boneless 500 g + Chicken Seekh Kabab Malai N Cheese 500 g, Combo 2 Items","Chicken Breast - Boneless
Chicken is lean meat with various health benefits. Packed with nutritional values, chicken is supremely advantageous for your body. Filled with vitamins, minerals and protein, chicken promotes brain development, strengthens your bones, aids in weight loss, builds muscle and helps in a healthy heart. 
For a scrumptious meatier experience, this boneless chicken breast is perfect to indulge in. Grilled, barbecued, fried, or baked, one can have this versatile cut in diverse ways. Moreover, this part is considered one of the nutritious parts of the bird. This is an excellent source of protein for your body. This cut comes in 2-4 pieces which are perfect for 2-3 people. 
Chicken Seekh Kabab Malai N Cheese
Prepared in the traditional style, these malai and cheese kebabs are made with the finest ingredients. Enjoy these delicious kababs at the convenience of your home. Perfect as a starter, relish these mouth-watering delights with your loved ones.",Combo 2 Items,Combo Items,Combo 2 Items,2,1,825,825,"Fresho Foods, Survey No. 66/1, Plot No. 101, Piparia Industrial Estate, Piparia, Silvassa, Dadra, Valsad-396230, Gujarat, India",India,1221192,1.00E+13,,,,,,,,-,To Be Updated,To Be Updated,To Be Updated,To Be Updated,To Be Updated,To Be Updated,-,-,-,-,-,-,-,-,-,-,-,-,-,-,-,-,"EAN Code': '1221192, Country of Origin': 'India, Sourced by': ""Ahmedabad - Packed By:-Liza Foods. Add.Chuna'S Bhaththa Nr. Parixitlal Nagar Danilimda Ahmedabad-380028.Fssai License No:-20718034000476. Marketed By:-Super Market Grocery Suppliees Private Limited, At:-Rev.Surv. No.476/1, New Ahmedabad Estate, Opp:Intas Pharma, Moraiya Village, Changodhar, Gujarat State 382213. Fssai License No:-10715001000120. Marketed By:-Super Market Grocery Suppliees Private Limited, At:-Rev.Surv. No.476/1, New Ahmedabad Estate, Opp:Intas Pharma, Moraiya Village, Changodhar, Gujarat State 382213. Fssai License No:-10715001000120. Email:-Customerservice@.Com Phone No:-18601231000""}, Indore - Packed By': '- Al-Ghori Khanne Khaas. :-Shop No, G-7, Paradise Tower, 1060 Khatiwala Tank, Indore, Madhya Pradesh-452014.Fssai License No:-21418850004121, Marketed by': 'Supermarket Grocery Supplies Private Limited, Fairway Business Park, EGL, Challaghatta, Domlur, Bengaluru, 560071, FSSAI Number': '10019043002767, ","Supermarket Grocery Supplies Private Limited, Fairway Business Park, EGL, Challaghatta, Domlur, Bengaluru, 560071",-,-,Chicken.
RET,RET-10,RET-10-15,RET-10-15-11,RET-10-15-11-10,Fresho,"Fresho Chicken Breast - Boneless 500 g + Chicken Seekh Kabab Nawabi 500 g, Combo 2 Items","Chicken Breast - Boneless
Chicken is lean meat with various health benefits. Packed with nutritional values, chicken is supremely advantageous for your body. Filled with vitamins, minerals and protein, chicken promotes brain development, strengthens your bones, aids in weight loss, builds muscle and helps in a healthy heart. 
For a scrumptious meatier experience, this boneless chicken breast is perfect to indulge in. Grilled, barbecued, fried, or baked, one can have this versatile cut in diverse ways. Moreover, this part is considered one of the nutritious parts of the bird. This is an excellent source of protein for your body. This cut comes in 2-4 pieces which are perfect for 2-3 people. 
Chicken Seekh Kabab Nawabi
Prepared in the traditional style, the kebabs are made with the finest hand-picked spices. enjoy these delicious kababs at the convenience of your home. Perfect as a starter, relish these mouth-watering delights with your loved ones.",Combo 2 Items,Combo Items,Combo 2 Items,2,1,870,870,"Fresho Foods, Survey No. 66/1, Plot No. 101, Piparia Industrial Estate, Piparia, Silvassa, Dadra, Valsad-396230, Gujarat, India",India,1221189,1.00E+13,,,,,,,,-,To Be Updated,To Be Updated,To Be Updated,To Be Updated,To Be Updated,To Be Updated,-,-,-,-,-,-,-,-,-,-,-,-,-,-,-,-,"EAN Code': '1221189, Country of Origin': 'India, Sourced by': ""Ahmedabad - Packed By:-Liza Foods. Add.Chuna'S Bhaththa Nr. Parixitlal Nagar Danilimda Ahmedabad-380028.Fssai License No:-20718034000476. Marketed By:-Super Market Grocery Suppliees Private Limited, At:-Rev.Surv. No.476/1, New Ahmedabad Estate, Opp:Intas Pharma, Moraiya Village, Changodhar, Gujarat State 382213. Fssai License No:-10715001000120. Marketed By:-Super Market Grocery Suppliees Private Limited, At:-Rev.Surv. No.476/1, New Ahmedabad Estate, Opp:Intas Pharma, Moraiya Village, Changodhar, Gujarat State 382213. Fssai License No:-10715001000120. Email:-Customerservice@.Com Phone No:-18601231000""}, Indore - Packed By': '- Al-Ghori Khanne Khaas. :-Shop No, G-7, Paradise Tower, 1060 Khatiwala Tank, Indore, Madhya Pradesh-452014.Fssai License No:-21418850004121, Marketed by': 'Supermarket Grocery Supplies Private Limited, Fairway Business Park, EGL, Challaghatta, Domlur, Bengaluru, 560071, FSSAI Number': '10019043002767, ","Supermarket Grocery Supplies Private Limited, Fairway Business Park, EGL, Challaghatta, Domlur, Bengaluru, 560071",-,-,Chicken.
RET,RET-10,RET-10-15,RET-10-15-11,RET-10-15-11-10,Fresho,"Fresho Chicken Breast - Boneless 500 g + Chicken Seekh Kabab Punjabi 500 g, Combo 2 Items","Chicken Breast - Boneless
Chicken is lean meat with various health benefits. Packed with nutritional values, chicken is supremely advantageous for your body. Filled with vitamins, minerals and protein, chicken promotes brain development, strengthens your bones, aids in weight loss, builds muscle and helps in a healthy heart. 
For a scrumptious meatier experience, this boneless chicken breast is perfect to indulge in. Grilled, barbecued, fried, or baked, one can have this versatile cut in diverse ways. Moreover, this part is considered one of the nutritious parts of the bird. This is an excellent source of protein for your body. This cut comes in 2-4 pieces which are perfect for 2-3 people. 
Chicken Seekh Kabab Punjabi
Prepared in the traditional style, the kebabs are made with the finest hand-picked spices. enjoy these delicious kababs at the convenience of your home. Perfect as a starter, relish these mouth-watering delights with your loved ones.",Combo 2 Items,Combo Items,Combo 2 Items,2,1,825,825,"Fresho Foods, Survey No. 66/1, Plot No. 101, Piparia Industrial Estate, Piparia, Silvassa, Dadra, Valsad-396230, Gujarat, India",India,1221190,1.00E+13,,,,,,,,-,To Be Updated,To Be Updated,To Be Updated,To Be Updated,To Be Updated,To Be Updated,-,-,-,-,-,-,-,-,-,-,-,-,-,-,-,-,"EAN Code': '1221190, Country of Origin': 'India, Sourced by': ""Ahmedabad - Packed By:-Liza Foods. Add.Chuna'S Bhaththa Nr. Parixitlal Nagar Danilimda Ahmedabad-380028.Fssai License No:-20718034000476. Marketed By:-Super Market Grocery Suppliees Private Limited, At:-Rev.Surv. No.476/1, New Ahmedabad Estate, Opp:Intas Pharma, Moraiya Village, Changodhar, Gujarat State 382213. Fssai License No:-10715001000120. Marketed By:-Super Market Grocery Suppliees Private Limited, At:-Rev.Surv. No.476/1, New Ahmedabad Estate, Opp:Intas Pharma, Moraiya Village, Changodhar, Gujarat State 382213. Fssai License No:-10715001000120. Email:-Customerservice@.Com Phone No:-18601231000""}, Indore - Packed By': '- Al-Ghori Khanne Khaas. :-Shop No, G-7, Paradise Tower, 1060 Khatiwala Tank, Indore, Madhya Pradesh-452014.Fssai License No:-21418850004121, Marketed by': 'Supermarket Grocery Supplies Private Limited, Fairway Business Park, EGL, Challaghatta, Domlur, Bengaluru, 560071, FSSAI Number': '10019043002767, ","Supermarket Grocery Supplies Private Limited, Fairway Business Park, EGL, Challaghatta, Domlur, Bengaluru, 560071",-,-,Chicken.
RET,RET-10,RET-10-15,RET-10-15-11,RET-10-15-11-10,Fresho,"Fresho Chicken Breast - Boneless 500 g + Chicken Seekh Kabab Regular 500 g, Combo 2 Items","Chicken Breast - Boneless
For a scrumptious meatier experience, this boneless chicken breast is perfect to indulge in. Grilled, barbecued, fried, or baked, one can have this versatile cut in diverse ways. Moreover, this part is considered one of the nutritious parts of the bird. This is an excellent source of protein for your body. This cut comes in 2-4 pieces which are perfect for 2-3 people. 
Chicken Seekh Kabab Regular
Prepared in the traditional style, the kebabs are made with the finest hand-picked spices. enjoy these delicious kababs at the convenience of your home. Perfect as a starter, relish these mouth-watering delights with your loved ones.",Combo 2 Items,Combo Items,Combo 2 Items,2,1,682,515.14,"Fresho Foods, Survey No. 66/1, Plot No. 101, Piparia Industrial Estate, Piparia, Silvassa, Dadra, Valsad-396230, Gujarat, India",India,1221188,1.00E+13,,,,,,,,-,To Be Updated,To Be Updated,To Be Updated,To Be Updated,To Be Updated,To Be Updated,-,-,-,-,-,-,-,-,-,-,-,-,-,-,-,-,"EAN Code': '1221188, Country of Origin': 'India, Sourced by': ""Ahmedabad - Packed By:-Liza Foods. Add.Chuna'S Bhaththa Nr. Parixitlal Nagar Danilimda Ahmedabad-380028.Fssai License No:-20718034000476. Marketed By:-Super Market Grocery Suppliees Private Limited, At:-Rev.Surv. No.476/1, New Ahmedabad Estate, Opp:Intas Pharma, Moraiya Village, Changodhar, Gujarat State 382213. Fssai License No:-10715001000120. Marketed By:-Super Market Grocery Suppliees Private Limited, At:-Rev.Surv. No.476/1, New Ahmedabad Estate, Opp:Intas Pharma, Moraiya Village, Changodhar, Gujarat State 382213. Fssai License No:-10715001000120. Email:-Customerservice@.Com Phone No:-18601231000""}, Indore - Packed By': '- Al-Ghori Khanne Khaas. :-Shop No, G-7, Paradise Tower, 1060 Khatiwala Tank, Indore, Madhya Pradesh-452014.Fssai License No:-21418850004121, Marketed by': 'Supermarket Grocery Supplies Private Limited, Fairway Business Park, EGL, Challaghatta, Domlur, Bengaluru, 560071, FSSAI Number': '10019043002767, ","Supermarket Grocery Supplies Private Limited, Fairway Business Park, EGL, Challaghatta, Domlur, Bengaluru, 560071",-,-,Chicken.
RET,RET-10,RET-10-15,RET-10-15-11,RET-10-15-11-10,Fresho,"Fresho Chicken Breast - Boneless 500 g + Mutton Boneless 500 g + Basa Fish Fillet 500 g, Combo 3 Items","Chicken Breast - Boneless
Fresho Chicken is a lean meat with various health benefits. Packed with nutritional values, chicken is supremely advantageous for your body. Filled with vitamins, minerals and protein, chicken promotes brain development, strengthens your bones, aids in weight loss, builds muscle and helps in a healthy heart.
Chicken curry is one of the favourite non-veg dishes in most Indian households. Fresho Chicken curry cut is carved into perfect pieces to give you the ideal portion for your curries. These scrumptious skinless chicken pieces come in 13-15 in numbers which are perfect for 2-3 people.
Mutton Boneless
Mutton is popular in most households. It is treated as a delicacy and is prepared on different joyous occasions. The juicy taste and the chewy texture make it a favourite among many. Moreover, they come with a lot of health benefits. It is packed with protein, saturated fat, iron, zinc, and vitamin B. Mutton helps in building a strong immune system. It also helps to build bones and muscles. 
For a scrumptious meatier experience, these boneless mutton pieces are perfect to indulge in. Grilled, barbecued, fried, or baked, one can have this versatile cut in different ways. This cut comes in 2-3 pieces which are perfect for 3-4 people. 
Basa Fish Fillet
Basa is a catfish which is light in colour and has a firm texture. Enriched in protein, it contains low fat making it perfect for your diet. These Fresho Basa boneless fillets are great for grilling, frying, barbecuing or curries. This is perfect for 2-3 people. It is preservative-free.",Combo 3 Items,Combo Items,Combo 3 Items,3,1,2090,1326.2,"Fresho Foods, Survey No. 66/1, Plot No. 101, Piparia Industrial Estate, Piparia, Silvassa, Dadra, Valsad-396230, Gujarat, India",India,1221181,1.00E+13,,,,,,,,-,To Be Updated,To Be Updated,To Be Updated,To Be Updated,To Be Updated,To Be Updated,-,-,-,-,-,-,-,-,-,-,-,-,-,-,-,-,"EAN Code': '1221181, Country of Origin': 'India, Sourced by': ""Ahmedabad - Packed By:-Liza Foods. Add.Chuna'S Bhaththa Nr. Parixitlal Nagar Danilimda Ahmedabad-380028.Fssai License No:-20718034000476. Marketed By:-Super Market Grocery Suppliees Private Limited, At:-Rev.Surv. No.476/1, New Ahmedabad Estate, Opp:Intas Pharma, Moraiya Village, Changodhar, Gujarat State 382213. Fssai License No:-10715001000120. Marketed By:-Super Market Grocery Suppliees Private Limited, At:-Rev.Surv. No.476/1, New Ahmedabad Estate, Opp:Intas Pharma, Moraiya Village, Changodhar, Gujarat State 382213. Fssai License No:-10715001000120. Email:-Customerservice@.Com Phone No:-18601231000""}, Indore - Packed By': '- Al-Ghori Khanne Khaas. :-Shop No, G-7, Paradise Tower, 1060 Khatiwala Tank, Indore, Madhya Pradesh-452014.Fssai License No:-21418850004121, Marketed by': 'Supermarket Grocery Supplies Private Limited, Fairway Business Park, EGL, Challaghatta, Domlur, Bengaluru, 560071, FSSAI Number': '10019043002767, ","Supermarket Grocery Supplies Private Limited, Fairway Business Park, EGL, Challaghatta, Domlur, Bengaluru, 560071",-,-,"Chicken, Mutton & Fish."
RET,RET-10,RET-10-15,RET-10-15-11,RET-10-15-11-10,Fresho,"Fresho Chicken Breast - Boneless 500 g + Mutton Boneless 500 g, Combo 2 Items","Chicken Breast - Boneless
Fresho Chicken is a lean meat with various health benefits. Packed with nutritional values, chicken is supremely advantageous for your body. Filled with vitamins, minerals and protein, chicken promotes brain development, strengthens your bones, aids in weight loss, builds muscle and helps in a healthy heart.
For a scrumptious meatier experience, this boneless chicken breast is perfect to indulge in. Grilled, barbecued, fried, or baked, one can have this versatile cut in diverse ways. Moreover, this part is considered one of the nutritious parts of the bird. It is an excellent source of protein for your body. This cut comes in 2-4 pieces which are perfect for 2-3 people.
Mutton Boneless 
Mutton is popular in most households. It is treated as a delicacy and is prepared on different joyous occasions. The juicy taste and the chewy texture make it a favourite among many. Moreover, they come with a lot of health benefits. It is packed with protein, saturated fat, iron, zinc, and vitamin B. Mutton helps in building a strong immune system. It also helps to build bones and muscles. This cut comes in 2-3 pieces which are perfect for 3-4 people.",Combo 2 Items,Combo Items,Combo 2 Items,2,1,1170,1170,"Fresho Foods, Survey No. 66/1, Plot No. 101, Piparia Industrial Estate, Piparia, Silvassa, Dadra, Valsad-396230, Gujarat, India",India,1221172,1.00E+13,,,,,,,,-,To Be Updated,To Be Updated,To Be Updated,To Be Updated,To Be Updated,To Be Updated,-,-,-,-,-,-,-,-,-,-,-,-,-,-,-,-,"EAN Code': '1221172, Country of Origin': 'India, Sourced by': ""Ahmedabad - Packed By:-Liza Foods. Add.Chuna'S Bhaththa Nr. Parixitlal Nagar Danilimda Ahmedabad-380028.Fssai License No:-20718034000476. Marketed By:-Super Market Grocery Suppliees Private Limited, At:-Rev.Surv. No.476/1, New Ahmedabad Estate, Opp:Intas Pharma, Moraiya Village, Changodhar, Gujarat State 382213. Fssai License No:-10715001000120. Marketed By:-Super Market Grocery Suppliees Private Limited, At:-Rev.Surv. No.476/1, New Ahmedabad Estate, Opp:Intas Pharma, Moraiya Village, Changodhar, Gujarat State 382213. Fssai License No:-10715001000120. Email:-Customerservice@.Com Phone No:-18601231000""}, Indore - Packed By': '- Al-Ghori Khanne Khaas. :-Shop No, G-7, Paradise Tower, 1060 Khatiwala Tank, Indore, Madhya Pradesh-452014.Fssai License No:-21418850004121, Marketed by': 'Supermarket Grocery Supplies Private Limited, Fairway Business Park, EGL, Challaghatta, Domlur, Bengaluru, 560071, FSSAI Number': '10019043002767, ","Supermarket Grocery Supplies Private Limited, Fairway Business Park, EGL, Challaghatta, Domlur, Bengaluru, 560071",-,-,Chicken & Mutton.
RET,RET-10,RET-10-15,RET-10-15-11,RET-10-15-11-10,Fresho,"Fresho Chicken Breast - Boneless 500 g + Prawns, Peeled & Deveined 500 g, Combo 2 Items","Chicken Breast - Boneless
Fresho Chicken is a lean meat with various health benefits. Packed with nutritional values, chicken is supremely advantageous for your body. Filled with vitamins, minerals and protein, chicken promotes brain development, strengthens your bones, aids in weight loss, builds muscle and helps in a healthy heart.
For a scrumptious meatier experience, this boneless chicken breast is perfect to indulge in. Grilled, barbecued, fried, or baked, one can have this versatile cut in diverse ways. Moreover, this part is considered one of the nutritious parts of the bird. It is an excellent source of protein for your body. This cut comes in 2-4 pieces which are perfect for 2-3 people.
Prawns, Peeled & Deveined
Fresho brings to you peeled and deveined Prawns are shrimp-like seafood that is 3-5 cm in length. For those who love eating seafood, prawns are a treat. They're high in protein, low in carbohydrates and contain little fat. Prawns are a rich source of selenium, one of the most effective antioxidants for maintaining healthy cells. There is no conclusive flavour that distinguishes a shrimp from a prawn. They're similar in taste and texture.",Combo 2 Items,Combo Items,Combo 2 Items,2,1,1571,970.9,"Fresho Foods, Survey No. 66/1, Plot No. 101, Piparia Industrial Estate, Piparia, Silvassa, Dadra, Valsad-396230, Gujarat, India",India,1221171,1.00E+13,,,,,,,,-,To Be Updated,To Be Updated,To Be Updated,To Be Updated,To Be Updated,To Be Updated,-,-,-,-,-,-,-,-,-,-,-,-,-,-,-,-,"EAN Code': '1221171, Country of Origin': 'India, Sourced by': ""Ahmedabad - Packed By:-Liza Foods. Add.Chuna'S Bhaththa Nr. Parixitlal Nagar Danilimda Ahmedabad-380028.Fssai License No:-20718034000476. Marketed By:-Super Market Grocery Suppliees Private Limited, At:-Rev.Surv. No.476/1, New Ahmedabad Estate, Opp:Intas Pharma, Moraiya Village, Changodhar, Gujarat State 382213. Fssai License No:-10715001000120. Marketed By:-Super Market Grocery Suppliees Private Limited, At:-Rev.Surv. No.476/1, New Ahmedabad Estate, Opp:Intas Pharma, Moraiya Village, Changodhar, Gujarat State 382213. Fssai License No:-10715001000120. Email:-Customerservice@.Com Phone No:-18601231000""}, Indore - Packed By': '- Al-Ghori Khanne Khaas. :-Shop No, G-7, Paradise Tower, 1060 Khatiwala Tank, Indore, Madhya Pradesh-452014.Fssai License No:-21418850004121, Marketed by': 'Supermarket Grocery Supplies Private Limited, Fairway Business Park, EGL, Challaghatta, Domlur, Bengaluru, 560071, FSSAI Number': '10019043002767, ","Supermarket Grocery Supplies Private Limited, Fairway Business Park, EGL, Challaghatta, Domlur, Bengaluru, 560071",-,-,Chicken & Prawns.
RET,RET-10,RET-10-15,RET-10-15-11,RET-10-15-11-10,Fresho,"Fresho Chicken Breast - Boneless 500 g + Seer Fish Large Steak/Slice 500 g, Combo 2 Items","Chicken Breast - Boneless
Fresho Chicken is a lean meat with various health benefits. Packed with nutritional values, chicken is supremely advantageous for your body. Filled with vitamins, minerals and protein, chicken promotes brain development, strengthens your bones, aids in weight loss, builds muscle and helps in a healthy heart.
For a scrumptious meatier experience, this boneless chicken breast is perfect to indulge in. Grilled, barbecued, fried, or baked, one can have this versatile cut in diverse ways. Moreover, this part is considered one of the nutritious parts of the bird. This is an excellent source of protein for your body. This cut comes in 2-4 pieces which are perfect for 2-3 people.
Seer Fish Large Steak/Slice
Seer fish is known for its great taste and different health benefits. It is one of the favourite fish in the south. It is used to make different delicacies including fish pickles. Seer fish is good for the heart and has a rich content of Omega-3 fatty acids. This steak sliced sea fish comes without the head. It is clean and gutted. This comes in 4 to 6 pcs, which is perfect for 3-4 people. It is preservative-free.",Combo 2 Items,Combo Items,Combo 2 Items,2,1,2065,1270.15,"Fresho Foods, Survey No. 66/1, Plot No. 101, Piparia Industrial Estate, Piparia, Silvassa, Dadra, Valsad-396230, Gujarat, India",India,1221170,1.00E+13,,,,,,,,-,To Be Updated,To Be Updated,To Be Updated,To Be Updated,To Be Updated,To Be Updated,-,-,-,-,-,-,-,-,-,-,-,-,-,-,-,-,"EAN Code': '1221170, Country of Origin': 'India, Sourced by': ""Ahmedabad - Packed By:-Liza Foods. Add.Chuna'S Bhaththa Nr. Parixitlal Nagar Danilimda Ahmedabad-380028.Fssai License No:-20718034000476. Marketed By:-Super Market Grocery Suppliees Private Limited, At:-Rev.Surv. No.476/1, New Ahmedabad Estate, Opp:Intas Pharma, Moraiya Village, Changodhar, Gujarat State 382213. Fssai License No:-10715001000120. Marketed By:-Super Market Grocery Suppliees Private Limited, At:-Rev.Surv. No.476/1, New Ahmedabad Estate, Opp:Intas Pharma, Moraiya Village, Changodhar, Gujarat State 382213. Fssai License No:-10715001000120. Email:-Customerservice@.Com Phone No:-18601231000""}, Indore - Packed By': '- Al-Ghori Khanne Khaas. :-Shop No, G-7, Paradise Tower, 1060 Khatiwala Tank, Indore, Madhya Pradesh-452014.Fssai License No:-21418850004121, Marketed by': 'Supermarket Grocery Supplies Private Limited, Fairway Business Park, EGL, Challaghatta, Domlur, Bengaluru, 560071, FSSAI Number': '10019043002767, ","Supermarket Grocery Supplies Private Limited, Fairway Business Park, EGL, Challaghatta, Domlur, Bengaluru, 560071",-,-,Chicken & Seer Fish.
,,,,,,,,,,,,,,,,,,,,,,,,,,,,,,,,,,,,,,,,,,,,,,,,,,,,,
,,,,,,,,,,,,,,,,,,,,,,,,,,,,,,,,,,,,,,,,,,,,,,,,,,,,,
,,,,,,,,,,,,,,,,,,,,,,,,,,,,,,,,,,,,,,,,,,,,,,,,,,,,,
,,,,,,,,,,,,,,,,,,,,,,,,,,,,,,,,,,,,,,,,,,,,,,,,,,,,,
,,,,,,,,,,,,,,,,,,,,,,,,,,,,,,,,,,,,,,,,,,,,,,,,,,,,,
,,,,,,,,,,,,,,,,,,,,,,,,,,,,,,,,,,,,,,,,,,,,,,,,,,,,,
,,,,,,,,,,,,,,,,,,,,,,,,,,,,,,,,,,,,,,,,,,,,,,,,,,,,,
,,,,,,,,,,,,,,,,,,,,,,,,,,,,,,,,,,,,,,,,,,,,,,,,,,,,,
,,,,,,,,,,,,,,,,,,,,,,,,,,,,,,,,,,,,,,,,,,,,,,,,,,,,,
,,,,,,,,,,,,,,,,,,,,,,,,,,,,,,,,,,,,,,,,,,,,,,,,,,,,,
,,,,,,,,,,,,,,,,,,,,,,,,,,,,,,,,,,,,,,,,,,,,,,,,,,,,,
,,,,,,,,,,,,,,,,,,,,,,,,,,,,,,,,,,,,,,,,,,,,,,,,,,,,,
,,,,,,,,,,,,,,,,,,,,,,,,,,,,,,,,,,,,,,,,,,,,,,,,,,,,,
,,,,,,,,,,,,,,,,,,,,,,,,,,,,,,,,,,,,,,,,,,,,,,,,,,,,,
,,,,,,,,,,,,,,,,,,,,,,,,,,,,,,,,,,,,,,,,,,,,,,,,,,,,,
,,,,,,,,,,,,,,,,,,,,,,,,,,,,,,,,,,,,,,,,,,,,,,,,,,,,,
,,,,,,,,,,,,,,,,,,,,,,,,,,,,,,,,,,,,,,,,,,,,,,,,,,,,,
,,,,,,,,,,,,,,,,,,,,,,,,,,,,,,,,,,,,,,,,,,,,,,,,,,,,,
,,,,,,,,,,,,,,,,,,,,,,,,,,,,,,,,,,,,,,,,,,,,,,,,,,,,,
,,,,,,,,,,,,,,,,,,,,,,,,,,,,,,,,,,,,,,,,,,,,,,,,,,,,,
,,,,,,,,,,,,,,,,,,,,,,,,,,,,,,,,,,,,,,,,,,,,,,,,,,,,,
,,,,,,,,,,,,,,,,,,,,,,,,,,,,,,,,,,,,,,,,,,,,,,,,,,,,,
,,,,,,,,,,,,,,,,,,,,,,,,,,,,,,,,,,,,,,,,,,,,,,,,,,,,,
,,,,,,,,,,,,,,,,,,,,,,,,,,,,,,,,,,,,,,,,,,,,,,,,,,,,,
,,,,,,,,,,,,,,,,,,,,,,,,,,,,,,,,,,,,,,,,,,,,,,,,,,,,,
,,,,,,,,,,,,,,,,,,,,,,,,,,,,,,,,,,,,,,,,,,,,,,,,,,,,,
,,,,,,,,,,,,,,,,,,,,,,,,,,,,,,,,,,,,,,,,,,,,,,,,,,,,,
,,,,,,,,,,,,,,,,,,,,,,,,,,,,,,,,,,,,,,,,,,,,,,,,,,,,,
,,,,,,,,,,,,,,,,,,,,,,,,,,,,,,,,,,,,,,,,,,,,,,,,,,,,,
,,,,,,,,,,,,,,,,,,,,,,,,,,,,,,,,,,,,,,,,,,,,,,,,,,,,,
,,,,,,,,,,,,,,,,,,,,,,,,,,,,,,,,,,,,,,,,,,,,,,,,,,,,,
,,,,,,,,,,,,,,,,,,,,,,,,,,,,,,,,,,,,,,,,,,,,,,,,,,,,,
,,,,,,,,,,,,,,,,,,,,,,,,,,,,,,,,,,,,,,,,,,,,,,,,,,,,,
,,,,,,,,,,,,,,,,,,,,,,,,,,,,,,,,,,,,,,,,,,,,,,,,,,,,,
,,,,,,,,,,,,,,,,,,,,,,,,,,,,,,,,,,,,,,,,,,,,,,,,,,,,,
,,,,,,,,,,,,,,,,,,,,,,,,,,,,,,,,,,,,,,,,,,,,,,,,,,,,,
,,,,,,,,,,,,,,,,,,,,,,,,,,,,,,,,,,,,,,,,,,,,,,,,,,,,,
,,,,,,,,,,,,,,,,,,,,,,,,,,,,,,,,,,,,,,,,,,,,,,,,,,,,,
,,,,,,,,,,,,,,,,,,,,,,,,,,,,,,,,,,,,,,,,,,,,,,,,,,,,,
,,,,,,,,,,,,,,,,,,,,,,,,,,,,,,,,,,,,,,,,,,,,,,,,,,,,,
,,,,,,,,,,,,,,,,,,,,,,,,,,,,,,,,,,,,,,,,,,,,,,,,,,,,,
,,,,,,,,,,,,,,,,,,,,,,,,,,,,,,,,,,,,,,,,,,,,,,,,,,,,,
,,,,,,,,,,,,,,,,,,,,,,,,,,,,,,,,,,,,,,,,,,,,,,,,,,,,,
,,,,,,,,,,,,,,,,,,,,,,,,,,,,,,,,,,,,,,,,,,,,,,,,,,,,,
,,,,,,,,,,,,,,,,,,,,,,,,,,,,,,,,,,,,,,,,,,,,,,,,,,,,,
,,,,,,,,,,,,,,,,,,,,,,,,,,,,,,,,,,,,,,,,,,,,,,,,,,,,,
,,,,,,,,,,,,,,,,,,,,,,,,,,,,,,,,,,,,,,,,,,,,,,,,,,,,,
,,,,,,,,,,,,,,,,,,,,,,,,,,,,,,,,,,,,,,,,,,,,,,,,,,,,,
,,,,,,,,,,,,,,,,,,,,,,,,,,,,,,,,,,,,,,,,,,,,,,,,,,,,,
,,,,,,,,,,,,,,,,,,,,,,,,,,,,,,,,,,,,,,,,,,,,,,,,,,,,,
,,,,,,,,,,,,,,,,,,,,,,,,,,,,,,,,,,,,,,,,,,,,,,,,,,,,,
,,,,,,,,,,,,,,,,,,,,,,,,,,,,,,,,,,,,,,,,,,,,,,,,,,,,,
,,,,,,,,,,,,,,,,,,,,,,,,,,,,,,,,,,,,,,,,,,,,,,,,,,,,,
,,,,,,,,,,,,,,,,,,,,,,,,,,,,,,,,,,,,,,,,,,,,,,,,,,,,,
,,,,,,,,,,,,,,,,,,,,,,,,,,,,,,,,,,,,,,,,,,,,,,,,,,,,,
,,,,,,,,,,,,,,,,,,,,,,,,,,,,,,,,,,,,,,,,,,,,,,,,,,,,,
,,,,,,,,,,,,,,,,,,,,,,,,,,,,,,,,,,,,,,,,,,,,,,,,,,,,,
,,,,,,,,,,,,,,,,,,,,,,,,,,,,,,,,,,,,,,,,,,,,,,,,,,,,,
,,,,,,,,,,,,,,,,,,,,,,,,,,,,,,,,,,,,,,,,,,,,,,,,,,,,,
,,,,,,,,,,,,,,,,,,,,,,,,,,,,,,,,,,,,,,,,,,,,,,,,,,,,,
,,,,,,,,,,,,,,,,,,,,,,,,,,,,,,,,,,,,,,,,,,,,,,,,,,,,,
,,,,,,,,,,,,,,,,,,,,,,,,,,,,,,,,,,,,,,,,,,,,,,,,,,,,,
,,,,,,,,,,,,,,,,,,,,,,,,,,,,,,,,,,,,,,,,,,,,,,,,,,,,,
,,,,,,,,,,,,,,,,,,,,,,,,,,,,,,,,,,,,,,,,,,,,,,,,,,,,,
,,,,,,,,,,,,,,,,,,,,,,,,,,,,,,,,,,,,,,,,,,,,,,,,,,,,,
,,,,,,,,,,,,,,,,,,,,,,,,,,,,,,,,,,,,,,,,,,,,,,,,,,,,,
,,,,,,,,,,,,,,,,,,,,,,,,,,,,,,,,,,,,,,,,,,,,,,,,,,,,,
,,,,,,,,,,,,,,,,,,,,,,,,,,,,,,,,,,,,,,,,,,,,,,,,,,,,,
,,,,,,,,,,,,,,,,,,,,,,,,,,,,,,,,,,,,,,,,,,,,,,,,,,,,,
,,,,,,,,,,,,,,,,,,,,,,,,,,,,,,,,,,,,,,,,,,,,,,,,,,,,,
,,,,,,,,,,,,,,,,,,,,,,,,,,,,,,,,,,,,,,,,,,,,,,,,,,,,,
,,,,,,,,,,,,,,,,,,,,,,,,,,,,,,,,,,,,,,,,,,,,,,,,,,,,,
,,,,,,,,,,,,,,,,,,,,,,,,,,,,,,,,,,,,,,,,,,,,,,,,,,,,,
,,,,,,,,,,,,,,,,,,,,,,,,,,,,,,,,,,,,,,,,,,,,,,,,,,,,,
,,,,,,,,,,,,,,,,,,,,,,,,,,,,,,,,,,,,,,,,,,,,,,,,,,,,,
,,,,,,,,,,,,,,,,,,,,,,,,,,,,,,,,,,,,,,,,,,,,,,,,,,,,,
,,,,,,,,,,,,,,,,,,,,,,,,,,,,,,,,,,,,,,,,,,,,,,,,,,,,,
,,,,,,,,,,,,,,,,,,,,,,,,,,,,,,,,,,,,,,,,,,,,,,,,,,,,,
,,,,,,,,,,,,,,,,,,,,,,,,,,,,,,,,,,,,,,,,,,,,,,,,,,,,,
,,,,,,,,,,,,,,,,,,,,,,,,,,,,,,,,,,,,,,,,,,,,,,,,,,,,,
,,,,,,,,,,,,,,,,,,,,,,,,,,,,,,,,,,,,,,,,,,,,,,,,,,,,,
,,,,,,,,,,,,,,,,,,,,,,,,,,,,,,,,,,,,,,,,,,,,,,,,,,,,,
,,,,,,,,,,,,,,,,,,,,,,,,,,,,,,,,,,,,,,,,,,,,,,,,,,,,,
,,,,,,,,,,,,,,,,,,,,,,,,,,,,,,,,,,,,,,,,,,,,,,,,,,,,,
,,,,,,,,,,,,,,,,,,,,,,,,,,,,,,,,,,,,,,,,,,,,,,,,,,,,,
,,,,,,,,,,,,,,,,,,,,,,,,,,,,,,,,,,,,,,,,,,,,,,,,,,,,,
,,,,,,,,,,,,,,,,,,,,,,,,,,,,,,,,,,,,,,,,,,,,,,,,,,,,,
,,,,,,,,,,,,,,,,,,,,,,,,,,,,,,,,,,,,,,,,,,,,,,,,,,,,,
,,,,,,,,,,,,,,,,,,,,,,,,,,,,,,,,,,,,,,,,,,,,,,,,,,,,,
,,,,,,,,,,,,,,,,,,,,,,,,,,,,,,,,,,,,,,,,,,,,,,,,,,,,,
,,,,,,,,,,,,,,,,,,,,,,,,,,,,,,,,,,,,,,,,,,,,,,,,,,,,,
,,,,,,,,,,,,,,,,,,,,,,,,,,,,,,,,,,,,,,,,,,,,,,,,,,,,,
,,,,,,,,,,,,,,,,,,,,,,,,,,,,,,,,,,,,,,,,,,,,,,,,,,,,,
,,,,,,,,,,,,,,,,,,,,,,,,,,,,,,,,,,,,,,,,,,,,,,,,,,,,,
,,,,,,,,,,,,,,,,,,,,,,,,,,,,,,,,,,,,,,,,,,,,,,,,,,,,,
,,,,,,,,,,,,,,,,,,,,,,,,,,,,,,,,,,,,,,,,,,,,,,,,,,,,,
,,,,,,,,,,,,,,,,,,,,,,,,,,,,,,,,,,,,,,,,,,,,,,,,,,,,,
,,,,,,,,,,,,,,,,,,,,,,,,,,,,,,,,,,,,,,,,,,,,,,,,,,,,,
,,,,,,,,,,,,,,,,,,,,,,,,,,,,,,,,,,,,,,,,,,,,,,,,,,,,,
,,,,,,,,,,,,,,,,,,,,,,,,,,,,,,,,,,,,,,,,,,,,,,,,,,,,,
,,,,,,,,,,,,,,,,,,,,,,,,,,,,,,,,,,,,,,,,,,,,,,,,,,,,,
,,,,,,,,,,,,,,,,,,,,,,,,,,,,,,,,,,,,,,,,,,,,,,,,,,,,,
,,,,,,,,,,,,,,,,,,,,,,,,,,,,,,,,,,,,,,,,,,,,,,,,,,,,,
,,,,,,,,,,,,,,,,,,,,,,,,,,,,,,,,,,,,,,,,,,,,,,,,,,,,,
,,,,,,,,,,,,,,,,,,,,,,,,,,,,,,,,,,,,,,,,,,,,,,,,,,,,,
,,,,,,,,,,,,,,,,,,,,,,,,,,,,,,,,,,,,,,,,,,,,,,,,,,,,,
,,,,,,,,,,,,,,,,,,,,,,,,,,,,,,,,,,,,,,,,,,,,,,,,,,,,,
,,,,,,,,,,,,,,,,,,,,,,,,,,,,,,,,,,,,,,,,,,,,,,,,,,,,,
,,,,,,,,,,,,,,,,,,,,,,,,,,,,,,,,,,,,,,,,,,,,,,,,,,,,,
,,,,,,,,,,,,,,,,,,,,,,,,,,,,,,,,,,,,,,,,,,,,,,,,,,,,,
,,,,,,,,,,,,,,,,,,,,,,,,,,,,,,,,,,,,,,,,,,,,,,,,,,,,,
,,,,,,,,,,,,,,,,,,,,,,,,,,,,,,,,,,,,,,,,,,,,,,,,,,,,,
,,,,,,,,,,,,,,,,,,,,,,,,,,,,,,,,,,,,,,,,,,,,,,,,,,,,,
,,,,,,,,,,,,,,,,,,,,,,,,,,,,,,,,,,,,,,,,,,,,,,,,,,,,,
,,,,,,,,,,,,,,,,,,,,,,,,,,,,,,,,,,,,,,,,,,,,,,,,,,,,,
,,,,,,,,,,,,,,,,,,,,,,,,,,,,,,,,,,,,,,,,,,,,,,,,,,,,,
,,,,,,,,,,,,,,,,,,,,,,,,,,,,,,,,,,,,,,,,,,,,,,,,,,,,,
,,,,,,,,,,,,,,,,,,,,,,,,,,,,,,,,,,,,,,,,,,,,,,,,,,,,,
,,,,,,,,,,,,,,,,,,,,,,,,,,,,,,,,,,,,,,,,,,,,,,,,,,,,,
